[2026-06-06 17:27:42] Starting fair DI production pipeline
root=/Users/yuziye/Documents/GitHub/physical-sensitivity-kernels
device=mps
[2026-06-06 17:28:27] Starting fair DI production pipeline
root=/Users/yuziye/Documents/GitHub/physical-sensitivity-kernels
device=mps
++ date '+%Y-%m-%d %H:%M:%S'
+ echo '[2026-06-06 17:28:53] Starting fair DI production pipeline'
[2026-06-06 17:28:53] Starting fair DI production pipeline
+ echo root=/Users/yuziye/Documents/GitHub/physical-sensitivity-kernels
root=/Users/yuziye/Documents/GitHub/physical-sensitivity-kernels
+ echo device=mps
device=mps
+ python -
torch 2.11.0
mps_available True
mps_built True
+ skip_or_run /Users/yuziye/Documents/GitHub/physical-sensitivity-kernels/ckpt/fair_di_strong_full_seed642026/training_complete.json train_fair_strong_full python -u scripts/train_di_fair.py --config configs/fair_di_strong_full.yaml --device mps
+ local sentinel=/Users/yuziye/Documents/GitHub/physical-sensitivity-kernels/ckpt/fair_di_strong_full_seed642026/training_complete.json
+ local name=train_fair_strong_full
+ shift 2
+ [[ -e /Users/yuziye/Documents/GitHub/physical-sensitivity-kernels/ckpt/fair_di_strong_full_seed642026/training_complete.json ]]
+ run_step train_fair_strong_full python -u scripts/train_di_fair.py --config configs/fair_di_strong_full.yaml --device mps
+ local name=train_fair_strong_full
+ shift
+ echo

++ date '+%Y-%m-%d %H:%M:%S'
+ echo '[2026-06-06 17:28:54] BEGIN train_fair_strong_full'
[2026-06-06 17:28:54] BEGIN train_fair_strong_full
+ python -u scripts/train_di_fair.py --config configs/fair_di_strong_full.yaml --device mps
+ tee -a /Users/yuziye/Documents/GitHub/physical-sensitivity-kernels/results/fair_di_comparison/production/logs/train_fair_strong_full.log
Device: mps
Estimating normalization stats from 64 training batches...
/Users/yuziye/Documents/GitHub/physical-sensitivity-kernels/disp_inv_train.v1.3.py:1407: FutureWarning: `torch.cuda.amp.GradScaler(args...)` is deprecated. Please use `torch.amp.GradScaler('cuda', args...)` instead.
  scaler = torch.cuda.amp.GradScaler(enabled=(cfg.use_amp and device.type == "cuda"))
========== Disp2Struct Control-Point CRF v1.3 Training Start ==========
H/T/Nc        : 256/59/28
period range  : 2.00 - 60.00 s
mask augment  : enabled=True, val=True
mask presets  : ((2.0, 40.0), (10.0, 30.0), (5.0, 35.0), (15.0, 45.0)), preset_prob=0.65
random window : 15.0-45.0 s, holes<= 6, point_drop=0.040
params        : 4263188
train batches : 1563
val batches   : 32
save_dir      : /Users/yuziye/Documents/GitHub/physical-sensitivity-kernels/ckpt/fair_di_strong_full_seed642026
/Users/yuziye/Documents/GitHub/physical-sensitivity-kernels/disp_inv_train.v1.3.py:1064: FutureWarning: `torch.cuda.amp.autocast(args...)` is deprecated. Please use `torch.amp.autocast('cuda', args...)` instead.
  with torch.cuda.amp.autocast(enabled=(use_amp and device.type == "cuda")):
/Users/anaconda3/lib/python3.12/multiprocessing/resource_tracker.py:254: UserWarning: resource_tracker: There appear to be 20 leaked semaphore objects to clean up at shutdown
  warnings.warn('resource_tracker: There appear to be %d '
[2026-06-06 17:29:58] Starting fair DI production pipeline
root=/Users/yuziye/Documents/GitHub/physical-sensitivity-kernels
device=mps
torch 2.11.0
mps_available True
mps_built True

[2026-06-06 17:29:59] BEGIN train_fair_strong_full
Device: mps
Estimating normalization stats from 64 training batches...
/Users/yuziye/Documents/GitHub/physical-sensitivity-kernels/disp_inv_train.v1.3.py:1407: FutureWarning: `torch.cuda.amp.GradScaler(args...)` is deprecated. Please use `torch.amp.GradScaler('cuda', args...)` instead.
  scaler = torch.cuda.amp.GradScaler(enabled=(cfg.use_amp and device.type == "cuda"))
========== Disp2Struct Control-Point CRF v1.3 Training Start ==========
H/T/Nc        : 256/59/28
period range  : 2.00 - 60.00 s
mask augment  : enabled=True, val=True
mask presets  : ((2.0, 40.0), (10.0, 30.0), (5.0, 35.0), (15.0, 45.0)), preset_prob=0.65
random window : 15.0-45.0 s, holes<= 6, point_drop=0.040
params        : 4263188
train batches : 1563
val batches   : 32
save_dir      : /Users/yuziye/Documents/GitHub/physical-sensitivity-kernels/ckpt/fair_di_strong_full_seed642026
/Users/yuziye/Documents/GitHub/physical-sensitivity-kernels/disp_inv_train.v1.3.py:1064: FutureWarning: `torch.cuda.amp.autocast(args...)` is deprecated. Please use `torch.amp.autocast('cuda', args...)` instead.
  with torch.cuda.amp.autocast(enabled=(use_amp and device.type == "cuda")):
[Step 00000100] epoch=001 batch=00100/01563 loss=0.678954 flow=0.572106 rec=0.211126 slope=0.020131 curv=0.027867 mae=0.16135 vp_mae=0.25872 vs_mae=0.13441 rho_mae=0.09091
[Step 00000200] epoch=001 batch=00200/01563 loss=0.566440 flow=0.473681 rec=0.183602 slope=0.015039 curv=0.020596 mae=0.14947 vp_mae=0.24051 vs_mae=0.12691 rho_mae=0.08099
[Step 00000300] epoch=001 batch=00300/01563 loss=0.548958 flow=0.448433 rec=0.199230 slope=0.014270 curv=0.019668 mae=0.15788 vp_mae=0.25752 vs_mae=0.12910 rho_mae=0.08703
[Step 00000400] epoch=001 batch=00400/01563 loss=0.530774 flow=0.436470 rec=0.186977 slope=0.012828 curv=0.017443 mae=0.15047 vp_mae=0.24015 vs_mae=0.12753 rho_mae=0.08374
[Step 00000500] epoch=001 batch=00500/01563 loss=0.527813 flow=0.451909 rec=0.150183 slope=0.012711 curv=0.017726 mae=0.12988 vp_mae=0.20950 vs_mae=0.10822 rho_mae=0.07192
[Step 00000600] epoch=001 batch=00600/01563 loss=0.512910 flow=0.423886 rec=0.176411 slope=0.012909 curv=0.017287 mae=0.14817 vp_mae=0.23875 vs_mae=0.12438 rho_mae=0.08139
[Step 00000700] epoch=001 batch=00700/01563 loss=0.525903 flow=0.443585 rec=0.163086 slope=0.012067 curv=0.017255 mae=0.13599 vp_mae=0.22009 vs_mae=0.11466 rho_mae=0.07323
[Step 00000800] epoch=001 batch=00800/01563 loss=0.481541 flow=0.395448 rec=0.170543 slope=0.012906 curv=0.017607 mae=0.14361 vp_mae=0.23400 vs_mae=0.11662 rho_mae=0.08021
[Step 00000900] epoch=001 batch=00900/01563 loss=0.498215 flow=0.407259 rec=0.180259 slope=0.012901 curv=0.018192 mae=0.14874 vp_mae=0.24216 vs_mae=0.12550 rho_mae=0.07857
[Step 00001000] epoch=001 batch=01000/01563 loss=0.477712 flow=0.397063 rec=0.159853 slope=0.011240 curv=0.016080 mae=0.13444 vp_mae=0.21909 vs_mae=0.11245 rho_mae=0.07178
[Step 00001100] epoch=001 batch=01100/01563 loss=0.467986 flow=0.395163 rec=0.144201 slope=0.011332 curv=0.015481 mae=0.13071 vp_mae=0.21407 vs_mae=0.10700 rho_mae=0.07105
[Step 00001200] epoch=001 batch=01200/01563 loss=0.504134 flow=0.412196 rec=0.182217 slope=0.013112 curv=0.017348 mae=0.15154 vp_mae=0.24824 vs_mae=0.12199 rho_mae=0.08438
[Step 00001300] epoch=001 batch=01300/01563 loss=0.473583 flow=0.378699 rec=0.188192 slope=0.012359 curv=0.017040 mae=0.15529 vp_mae=0.25712 vs_mae=0.12361 rho_mae=0.08515
[Step 00001400] epoch=001 batch=01400/01563 loss=0.485460 flow=0.402779 rec=0.163908 slope=0.011358 curv=0.015942 mae=0.13826 vp_mae=0.22159 vs_mae=0.11840 rho_mae=0.07480
[Step 00001500] epoch=001 batch=01500/01563 loss=0.477204 flow=0.389398 rec=0.173953 slope=0.013110 curv=0.017492 mae=0.14881 vp_mae=0.24125 vs_mae=0.12466 rho_mae=0.08053
[Epoch 001/024] time=578.2s lr=1.99e-04 | train: loss=0.53873, flow=0.44593, rec=0.18381, mae=0.1499, vp=0.2427, vs=0.1244, rho=0.0826 | val: loss=0.44044, flow=0.36137, rec=0.15686, slope=0.01006, curv=0.01317, sample_mae=0.2559, sample_vp=0.4191, sample_vs=0.2056, sample_rho=0.1430
  -> Best model saved to /Users/yuziye/Documents/GitHub/physical-sensitivity-kernels/ckpt/fair_di_strong_full_seed642026/best.pt
[Step 00001600] epoch=002 batch=00037/01563 loss=0.450602 flow=0.379260 rec=0.141228 slope=0.011451 curv=0.015607 mae=0.12857 vp_mae=0.21232 vs_mae=0.10461 rho_mae=0.06879
[Step 00001700] epoch=002 batch=00137/01563 loss=0.508161 flow=0.408504 rec=0.197736 slope=0.012480 curv=0.016514 mae=0.15563 vp_mae=0.24962 vs_mae=0.12935 rho_mae=0.08790
[Step 00001800] epoch=002 batch=00237/01563 loss=0.451568 flow=0.372543 rec=0.156618 slope=0.011292 curv=0.015071 mae=0.13468 vp_mae=0.22292 vs_mae=0.10560 rho_mae=0.07551
[Step 00001900] epoch=002 batch=00337/01563 loss=0.458763 flow=0.382180 rec=0.151760 slope=0.011010 curv=0.015290 mae=0.13411 vp_mae=0.22256 vs_mae=0.10541 rho_mae=0.07437
[Step 00002000] epoch=002 batch=00437/01563 loss=0.470887 flow=0.386642 rec=0.166959 slope=0.012043 curv=0.016306 mae=0.14182 vp_mae=0.23028 vs_mae=0.11690 rho_mae=0.07829
[Step 00002100] epoch=002 batch=00537/01563 loss=0.437477 flow=0.355860 rec=0.161715 slope=0.011958 curv=0.016144 mae=0.13942 vp_mae=0.22703 vs_mae=0.11229 rho_mae=0.07895
[Step 00002200] epoch=002 batch=00637/01563 loss=0.467217 flow=0.384929 rec=0.163152 slope=0.011111 curv=0.015597 mae=0.13809 vp_mae=0.22442 vs_mae=0.11310 rho_mae=0.07673
[Step 00002300] epoch=002 batch=00737/01563 loss=0.429993 flow=0.357147 rec=0.144312 slope=0.010890 curv=0.014566 mae=0.12745 vp_mae=0.20976 vs_mae=0.10393 rho_mae=0.06867
[Step 00002400] epoch=002 batch=00837/01563 loss=0.459887 flow=0.378816 rec=0.160664 slope=0.011712 curv=0.015375 mae=0.13793 vp_mae=0.22373 vs_mae=0.11326 rho_mae=0.07679
[Step 00002500] epoch=002 batch=00937/01563 loss=0.445397 flow=0.366756 rec=0.155836 slope=0.011399 curv=0.015378 mae=0.13719 vp_mae=0.22230 vs_mae=0.11393 rho_mae=0.07532
[Step 00002600] epoch=002 batch=01037/01563 loss=0.450202 flow=0.372547 rec=0.153820 slope=0.011721 curv=0.015871 mae=0.13368 vp_mae=0.21639 vs_mae=0.11121 rho_mae=0.07345
[Step 00002700] epoch=002 batch=01137/01563 loss=0.471845 flow=0.388624 rec=0.165105 slope=0.010522 curv=0.014203 mae=0.14019 vp_mae=0.22733 vs_mae=0.11468 rho_mae=0.07857
[Step 00002800] epoch=002 batch=01237/01563 loss=0.414540 flow=0.343307 rec=0.140955 slope=0.011868 curv=0.016232 mae=0.12955 vp_mae=0.21249 vs_mae=0.10665 rho_mae=0.06951
[Step 00002900] epoch=002 batch=01337/01563 loss=0.421488 flow=0.347808 rec=0.145963 slope=0.010958 curv=0.015046 mae=0.12905 vp_mae=0.20994 vs_mae=0.10569 rho_mae=0.07151
[Step 00003000] epoch=002 batch=01437/01563 loss=0.448132 flow=0.361634 rec=0.171525 slope=0.011555 curv=0.015717 mae=0.14154 vp_mae=0.23239 vs_mae=0.11446 rho_mae=0.07776
[Step 00003100] epoch=002 batch=01537/01563 loss=0.440031 flow=0.362585 rec=0.153404 slope=0.011714 curv=0.015815 mae=0.13711 vp_mae=0.23103 vs_mae=0.10591 rho_mae=0.07440
[Epoch 002/024] time=642.7s lr=1.97e-04 | train: loss=0.44877, flow=0.37225, rec=0.15161, mae=0.1329, vp=0.2170, vs=0.1079, rho=0.0737 | val: loss=0.39957, flow=0.33120, rec=0.13556, slope=0.00931, curv=0.01201, sample_mae=0.2320, sample_vp=0.3887, sample_vs=0.1765, sample_rho=0.1307
  -> Best model saved to /Users/yuziye/Documents/GitHub/physical-sensitivity-kernels/ckpt/fair_di_strong_full_seed642026/best.pt
[Step 00003200] epoch=003 batch=00074/01563 loss=0.441359 flow=0.374460 rec=0.132598 slope=0.009415 curv=0.012917 mae=0.11889 vp_mae=0.19364 vs_mae=0.09947 rho_mae=0.06358
[Step 00003300] epoch=003 batch=00174/01563 loss=0.420801 flow=0.350338 rec=0.139487 slope=0.011280 curv=0.015490 mae=0.12634 vp_mae=0.20639 vs_mae=0.10363 rho_mae=0.06899
[Step 00003400] epoch=003 batch=00274/01563 loss=0.428265 flow=0.347239 rec=0.160504 slope=0.012223 curv=0.016314 mae=0.13896 vp_mae=0.22980 vs_mae=0.11007 rho_mae=0.07700
[Step 00003500] epoch=003 batch=00374/01563 loss=0.407831 flow=0.339295 rec=0.135701 slope=0.010698 curv=0.015072 mae=0.12478 vp_mae=0.20326 vs_mae=0.09951 rho_mae=0.07157
[Step 00003600] epoch=003 batch=00474/01563 loss=0.417078 flow=0.350734 rec=0.131323 slope=0.010721 curv=0.014724 mae=0.12244 vp_mae=0.19853 vs_mae=0.10074 rho_mae=0.06806
[Step 00003700] epoch=003 batch=00574/01563 loss=0.439997 flow=0.366483 rec=0.145686 slope=0.010579 curv=0.014147 mae=0.12791 vp_mae=0.21257 vs_mae=0.09928 rho_mae=0.07186
[Step 00003800] epoch=003 batch=00674/01563 loss=0.421656 flow=0.349750 rec=0.142545 slope=0.009961 curv=0.013548 mae=0.12542 vp_mae=0.19976 vs_mae=0.10760 rho_mae=0.06891
[Step 00003900] epoch=003 batch=00774/01563 loss=0.411242 flow=0.336403 rec=0.148285 slope=0.010995 curv=0.014649 mae=0.13343 vp_mae=0.21888 vs_mae=0.10447 rho_mae=0.07694
[Step 00004000] epoch=003 batch=00874/01563 loss=0.401744 flow=0.344245 rec=0.113683 slope=0.010293 curv=0.014312 mae=0.11407 vp_mae=0.18767 vs_mae=0.09170 rho_mae=0.06283
[Step 00004100] epoch=003 batch=00974/01563 loss=0.420345 flow=0.342541 rec=0.154245 slope=0.010642 curv=0.014940 mae=0.13140 vp_mae=0.21618 vs_mae=0.10464 rho_mae=0.07338
[Step 00004200] epoch=003 batch=01074/01563 loss=0.411376 flow=0.346863 rec=0.127737 slope=0.010078 curv=0.014125 mae=0.11961 vp_mae=0.19774 vs_mae=0.09383 rho_mae=0.06724
[Step 00004300] epoch=003 batch=01174/01563 loss=0.403732 flow=0.330302 rec=0.145387 slope=0.011744 curv=0.014987 mae=0.13033 vp_mae=0.20876 vs_mae=0.11227 rho_mae=0.06997
[Step 00004400] epoch=003 batch=01274/01563 loss=0.416262 flow=0.346377 rec=0.138471 slope=0.010241 curv=0.013775 mae=0.12447 vp_mae=0.20763 vs_mae=0.09263 rho_mae=0.07314
[Step 00004500] epoch=003 batch=01374/01563 loss=0.448790 flow=0.359971 rec=0.176236 slope=0.011027 curv=0.014915 mae=0.14646 vp_mae=0.24021 vs_mae=0.11800 rho_mae=0.08116
[Step 00004600] epoch=003 batch=01474/01563 loss=0.419120 flow=0.354128 rec=0.128658 slope=0.010463 curv=0.013904 mae=0.11887 vp_mae=0.19380 vs_mae=0.09706 rho_mae=0.06573
[Epoch 003/024] time=626.4s lr=1.92e-04 | train: loss=0.42358, flow=0.35202, rec=0.14175, mae=0.1273, vp=0.2088, vs=0.1022, rho=0.0709 | val: loss=0.37652, flow=0.31249, rec=0.12695, slope=0.00889, curv=0.01131, sample_mae=0.2139, sample_vp=0.3588, sample_vs=0.1609, sample_rho=0.1220
  -> Best model saved to /Users/yuziye/Documents/GitHub/physical-sensitivity-kernels/ckpt/fair_di_strong_full_seed642026/best.pt
[Step 00004700] epoch=004 batch=00011/01563 loss=0.405966 flow=0.325713 rec=0.159022 slope=0.011754 curv=0.015463 mae=0.13928 vp_mae=0.22946 vs_mae=0.11223 rho_mae=0.07615
[Step 00004800] epoch=004 batch=00111/01563 loss=0.382715 flow=0.322791 rec=0.118573 slope=0.010011 curv=0.013706 mae=0.11594 vp_mae=0.18949 vs_mae=0.09298 rho_mae=0.06536
[Step 00004900] epoch=004 batch=00211/01563 loss=0.423466 flow=0.351345 rec=0.142932 slope=0.010361 curv=0.013686 mae=0.12539 vp_mae=0.20338 vs_mae=0.10354 rho_mae=0.06927
[Step 00005000] epoch=004 batch=00311/01563 loss=0.456566 flow=0.369262 rec=0.173224 slope=0.010929 curv=0.014516 mae=0.14006 vp_mae=0.22549 vs_mae=0.11665 rho_mae=0.07804
[Step 00005100] epoch=004 batch=00411/01563 loss=0.397329 flow=0.336716 rec=0.119964 slope=0.010024 curv=0.012929 mae=0.11422 vp_mae=0.18332 vs_mae=0.09748 rho_mae=0.06186
[Step 00005200] epoch=004 batch=00511/01563 loss=0.428844 flow=0.364907 rec=0.126655 slope=0.009652 curv=0.012647 mae=0.11920 vp_mae=0.19125 vs_mae=0.09924 rho_mae=0.06711
[Step 00005300] epoch=004 batch=00611/01563 loss=0.415777 flow=0.337920 rec=0.154311 slope=0.011181 curv=0.014286 mae=0.13575 vp_mae=0.22277 vs_mae=0.10911 rho_mae=0.07537
[Step 00005400] epoch=004 batch=00711/01563 loss=0.410023 flow=0.338579 rec=0.141512 slope=0.010862 curv=0.014462 mae=0.12840 vp_mae=0.21530 vs_mae=0.09795 rho_mae=0.07194
[Step 00005500] epoch=004 batch=00811/01563 loss=0.394695 flow=0.339190 rec=0.109783 slope=0.009677 curv=0.013011 mae=0.10776 vp_mae=0.17821 vs_mae=0.08202 rho_mae=0.06303
[Step 00005600] epoch=004 batch=00911/01563 loss=0.383217 flow=0.317856 rec=0.129392 slope=0.010446 curv=0.014171 mae=0.12243 vp_mae=0.20431 vs_mae=0.09410 rho_mae=0.06889
[Step 00005700] epoch=004 batch=01011/01563 loss=0.401413 flow=0.341590 rec=0.118374 slope=0.010042 curv=0.013366 mae=0.11387 vp_mae=0.18678 vs_mae=0.09095 rho_mae=0.06388
[Step 00005800] epoch=004 batch=01111/01563 loss=0.406851 flow=0.340494 rec=0.131399 slope=0.010322 curv=0.014184 mae=0.12320 vp_mae=0.20189 vs_mae=0.09849 rho_mae=0.06922
[Step 00005900] epoch=004 batch=01211/01563 loss=0.373509 flow=0.319712 rec=0.106354 slope=0.009800 curv=0.012999 mae=0.10983 vp_mae=0.17882 vs_mae=0.08923 rho_mae=0.06144
[Step 00006000] epoch=004 batch=01311/01563 loss=0.420308 flow=0.360347 rec=0.118675 slope=0.009809 curv=0.013267 mae=0.11503 vp_mae=0.18759 vs_mae=0.09330 rho_mae=0.06420
[Step 00006100] epoch=004 batch=01411/01563 loss=0.385017 flow=0.316396 rec=0.135900 slope=0.010609 curv=0.014067 mae=0.12821 vp_mae=0.20806 vs_mae=0.10446 rho_mae=0.07210
[Step 00006200] epoch=004 batch=01511/01563 loss=0.389207 flow=0.318259 rec=0.140500 slope=0.011051 curv=0.014569 mae=0.12514 vp_mae=0.20941 vs_mae=0.09399 rho_mae=0.07201
[Epoch 004/024] time=594.7s lr=1.87e-04 | train: loss=0.40661, flow=0.33794, rec=0.13603, mae=0.1241, vp=0.2040, vs=0.0990, rho=0.0693 | val: loss=0.37739, flow=0.31345, rec=0.12680, slope=0.00861, curv=0.01086, sample_mae=0.2132, sample_vp=0.3580, sample_vs=0.1608, sample_rho=0.1207
[Step 00006300] epoch=005 batch=00048/01563 loss=0.393552 flow=0.332725 rec=0.120533 slope=0.008776 curv=0.012182 mae=0.11489 vp_mae=0.18655 vs_mae=0.09345 rho_mae=0.06468
[Step 00006400] epoch=005 batch=00148/01563 loss=0.392736 flow=0.337919 rec=0.108428 slope=0.009501 curv=0.012840 mae=0.10835 vp_mae=0.17834 vs_mae=0.08491 rho_mae=0.06179
[Step 00006500] epoch=005 batch=00248/01563 loss=0.396654 flow=0.324919 rec=0.142157 slope=0.010266 curv=0.014253 mae=0.12914 vp_mae=0.21650 vs_mae=0.09790 rho_mae=0.07303
[Step 00006600] epoch=005 batch=00348/01563 loss=0.432465 flow=0.354477 rec=0.154608 slope=0.010766 curv=0.014629 mae=0.13637 vp_mae=0.22497 vs_mae=0.10741 rho_mae=0.07674
[Step 00006700] epoch=005 batch=00448/01563 loss=0.367197 flow=0.305229 rec=0.122625 slope=0.010250 curv=0.014261 mae=0.11689 vp_mae=0.19143 vs_mae=0.09462 rho_mae=0.06462
[Step 00006800] epoch=005 batch=00548/01563 loss=0.394197 flow=0.326373 rec=0.134309 slope=0.010599 curv=0.014008 mae=0.12311 vp_mae=0.20352 vs_mae=0.09699 rho_mae=0.06883
[Step 00006900] epoch=005 batch=00648/01563 loss=0.372909 flow=0.312453 rec=0.119584 slope=0.010508 curv=0.013884 mae=0.11642 vp_mae=0.19749 vs_mae=0.08732 rho_mae=0.06445
[Step 00007000] epoch=005 batch=00748/01563 loss=0.406155 flow=0.345078 rec=0.120874 slope=0.010077 curv=0.013608 mae=0.11447 vp_mae=0.19225 vs_mae=0.08652 rho_mae=0.06463
[Step 00007100] epoch=005 batch=00848/01563 loss=0.392650 flow=0.314410 rec=0.155110 slope=0.010782 curv=0.014529 mae=0.13594 vp_mae=0.22689 vs_mae=0.10293 rho_mae=0.07799
[Step 00007200] epoch=005 batch=00948/01563 loss=0.394903 flow=0.322508 rec=0.143428 slope=0.010802 curv=0.014091 mae=0.13113 vp_mae=0.21724 vs_mae=0.10396 rho_mae=0.07220
[Step 00007300] epoch=005 batch=01048/01563 loss=0.391368 flow=0.318034 rec=0.145358 slope=0.010319 curv=0.013933 mae=0.13088 vp_mae=0.21713 vs_mae=0.10088 rho_mae=0.07463
[Step 00007400] epoch=005 batch=01148/01563 loss=0.395646 flow=0.327830 rec=0.134237 slope=0.011056 curv=0.014364 mae=0.12397 vp_mae=0.20760 vs_mae=0.09528 rho_mae=0.06904
[Step 00007500] epoch=005 batch=01248/01563 loss=0.374397 flow=0.300474 rec=0.146490 slope=0.010610 curv=0.014796 mae=0.12982 vp_mae=0.21702 vs_mae=0.10039 rho_mae=0.07206
[Step 00007600] epoch=005 batch=01348/01563 loss=0.428270 flow=0.352045 rec=0.151149 slope=0.010299 curv=0.013619 mae=0.13399 vp_mae=0.22241 vs_mae=0.10276 rho_mae=0.07681
[Step 00007700] epoch=005 batch=01448/01563 loss=0.418887 flow=0.348396 rec=0.139669 slope=0.010470 curv=0.013391 mae=0.12788 vp_mae=0.20786 vs_mae=0.10464 rho_mae=0.07114
[Step 00007800] epoch=005 batch=01548/01563 loss=0.373128 flow=0.304149 rec=0.136681 slope=0.010126 curv=0.013146 mae=0.12376 vp_mae=0.20685 vs_mae=0.09234 rho_mae=0.07208
[Epoch 005/024] time=572.2s lr=1.79e-04 | train: loss=0.39486, flow=0.32827, rec=0.13189, mae=0.1218, vp=0.2006, vs=0.0968, rho=0.0681 | val: loss=0.35550, flow=0.29471, rec=0.12051, slope=0.00850, curv=0.01057, sample_mae=0.2082, sample_vp=0.3505, sample_vs=0.1558, sample_rho=0.1183
  -> Best model saved to /Users/yuziye/Documents/GitHub/physical-sensitivity-kernels/ckpt/fair_di_strong_full_seed642026/best.pt
[Step 00007900] epoch=006 batch=00085/01563 loss=0.391977 flow=0.332791 rec=0.117045 slope=0.010544 curv=0.013591 mae=0.11370 vp_mae=0.18597 vs_mae=0.09155 rho_mae=0.06357
[Step 00008000] epoch=006 batch=00185/01563 loss=0.409648 flow=0.342609 rec=0.132807 slope=0.010069 curv=0.013185 mae=0.12407 vp_mae=0.20346 vs_mae=0.10075 rho_mae=0.06800
[Step 00008100] epoch=006 batch=00285/01563 loss=0.367808 flow=0.304110 rec=0.126103 slope=0.010171 curv=0.013768 mae=0.12127 vp_mae=0.20494 vs_mae=0.09041 rho_mae=0.06845
[Step 00008200] epoch=006 batch=00385/01563 loss=0.371662 flow=0.311291 rec=0.119512 slope=0.009651 curv=0.013225 mae=0.11565 vp_mae=0.19284 vs_mae=0.08877 rho_mae=0.06533
[Step 00008300] epoch=006 batch=00485/01563 loss=0.400878 flow=0.337161 rec=0.126178 slope=0.009999 curv=0.012859 mae=0.11614 vp_mae=0.18868 vs_mae=0.09474 rho_mae=0.06501
[Step 00008400] epoch=006 batch=00585/01563 loss=0.396704 flow=0.333333 rec=0.125608 slope=0.009012 curv=0.011675 mae=0.11843 vp_mae=0.19787 vs_mae=0.09203 rho_mae=0.06539
[Step 00008500] epoch=006 batch=00685/01563 loss=0.378373 flow=0.321825 rec=0.111941 slope=0.009146 curv=0.012006 mae=0.10980 vp_mae=0.18013 vs_mae=0.08735 rho_mae=0.06192
[Step 00008600] epoch=006 batch=00785/01563 loss=0.391942 flow=0.328949 rec=0.124728 slope=0.010010 curv=0.012773 mae=0.11693 vp_mae=0.19199 vs_mae=0.09359 rho_mae=0.06521
[Step 00008700] epoch=006 batch=00885/01563 loss=0.368078 flow=0.319327 rec=0.096296 slope=0.009593 curv=0.012354 mae=0.10135 vp_mae=0.16526 vs_mae=0.08326 rho_mae=0.05554
[Step 00008800] epoch=006 batch=00985/01563 loss=0.372570 flow=0.322288 rec=0.099396 slope=0.009156 curv=0.012645 mae=0.10390 vp_mae=0.16979 vs_mae=0.08433 rho_mae=0.05759
[Step 00008900] epoch=006 batch=01085/01563 loss=0.396927 flow=0.329794 rec=0.133032 slope=0.009656 curv=0.013432 mae=0.12346 vp_mae=0.20284 vs_mae=0.09742 rho_mae=0.07013
[Step 00009000] epoch=006 batch=01185/01563 loss=0.397655 flow=0.326001 rec=0.142033 slope=0.010184 curv=0.012836 mae=0.13065 vp_mae=0.21724 vs_mae=0.10203 rho_mae=0.07269
[Step 00009100] epoch=006 batch=01285/01563 loss=0.362709 flow=0.304605 rec=0.114905 slope=0.010253 curv=0.013857 mae=0.11355 vp_mae=0.18386 vs_mae=0.09295 rho_mae=0.06383
[Step 00009200] epoch=006 batch=01385/01563 loss=0.395560 flow=0.323312 rec=0.143191 slope=0.010337 curv=0.013517 mae=0.12658 vp_mae=0.20809 vs_mae=0.10043 rho_mae=0.07121
[Step 00009300] epoch=006 batch=01485/01563 loss=0.394631 flow=0.331853 rec=0.124310 slope=0.009935 curv=0.012666 mae=0.11809 vp_mae=0.19405 vs_mae=0.09502 rho_mae=0.06519
[Epoch 006/024] time=596.1s lr=1.71e-04 | train: loss=0.38436, flow=0.32000, rec=0.12745, mae=0.1193, vp=0.1967, vs=0.0944, rho=0.0667 | val: loss=0.34348, flow=0.28389, rec=0.11813, slope=0.00836, curv=0.01045, sample_mae=0.2105, sample_vp=0.3546, sample_vs=0.1574, sample_rho=0.1193
  -> Best model saved to /Users/yuziye/Documents/GitHub/physical-sensitivity-kernels/ckpt/fair_di_strong_full_seed642026/best.pt
[Step 00009400] epoch=007 batch=00022/01563 loss=0.346683 flow=0.294109 rec=0.103991 slope=0.009106 curv=0.012387 mae=0.10555 vp_mae=0.17759 vs_mae=0.07994 rho_mae=0.05913
[Step 00009500] epoch=007 batch=00122/01563 loss=0.377227 flow=0.320050 rec=0.113088 slope=0.010001 curv=0.013292 mae=0.11534 vp_mae=0.19066 vs_mae=0.09115 rho_mae=0.06419
[Step 00009600] epoch=007 batch=00222/01563 loss=0.409070 flow=0.334532 rec=0.147688 slope=0.010967 curv=0.014541 mae=0.13188 vp_mae=0.21860 vs_mae=0.10316 rho_mae=0.07388
[Step 00009700] epoch=007 batch=00322/01563 loss=0.372849 flow=0.305971 rec=0.132507 slope=0.009876 curv=0.013047 mae=0.12318 vp_mae=0.20059 vs_mae=0.09926 rho_mae=0.06970
[Step 00009800] epoch=007 batch=00422/01563 loss=0.379423 flow=0.315745 rec=0.126098 slope=0.009893 curv=0.013394 mae=0.11867 vp_mae=0.19489 vs_mae=0.09600 rho_mae=0.06512
[Step 00009900] epoch=007 batch=00522/01563 loss=0.383918 flow=0.329593 rec=0.107441 slope=0.009592 curv=0.012412 mae=0.10516 vp_mae=0.17472 vs_mae=0.08305 rho_mae=0.05770
[Step 00010000] epoch=007 batch=00622/01563 loss=0.378169 flow=0.327290 rec=0.100609 slope=0.009084 curv=0.012053 mae=0.10467 vp_mae=0.17340 vs_mae=0.08229 rho_mae=0.05833
[Step 00010100] epoch=007 batch=00722/01563 loss=0.366354 flow=0.295725 rec=0.140069 slope=0.009280 curv=0.013033 mae=0.12859 vp_mae=0.21738 vs_mae=0.09415 rho_mae=0.07424
[Step 00010200] epoch=007 batch=00822/01563 loss=0.395482 flow=0.328315 rec=0.133072 slope=0.010011 curv=0.013048 mae=0.11939 vp_mae=0.19970 vs_mae=0.09113 rho_mae=0.06734
[Step 00010300] epoch=007 batch=00922/01563 loss=0.391752 flow=0.326316 rec=0.129678 slope=0.009435 curv=0.012549 mae=0.12094 vp_mae=0.19801 vs_mae=0.09720 rho_mae=0.06762
[Step 00010400] epoch=007 batch=01022/01563 loss=0.401422 flow=0.342945 rec=0.115750 slope=0.009475 curv=0.012725 mae=0.11075 vp_mae=0.18320 vs_mae=0.08798 rho_mae=0.06106
[Step 00010500] epoch=007 batch=01122/01563 loss=0.357430 flow=0.304271 rec=0.105073 slope=0.009921 curv=0.012705 mae=0.10802 vp_mae=0.17663 vs_mae=0.08596 rho_mae=0.06145
[Step 00010600] epoch=007 batch=01222/01563 loss=0.381303 flow=0.319099 rec=0.123229 slope=0.009315 curv=0.012451 mae=0.11565 vp_mae=0.18982 vs_mae=0.09421 rho_mae=0.06290
[Step 00010700] epoch=007 batch=01322/01563 loss=0.400486 flow=0.332012 rec=0.135705 slope=0.009723 curv=0.013514 mae=0.12221 vp_mae=0.20565 vs_mae=0.09141 rho_mae=0.06957
[Step 00010800] epoch=007 batch=01422/01563 loss=0.403427 flow=0.337934 rec=0.129791 slope=0.009488 curv=0.012348 mae=0.11665 vp_mae=0.19159 vs_mae=0.09162 rho_mae=0.06674
[Step 00010900] epoch=007 batch=01522/01563 loss=0.430069 flow=0.342131 rec=0.174556 slope=0.010440 curv=0.013823 mae=0.14495 vp_mae=0.24189 vs_mae=0.10920 rho_mae=0.08377
[Epoch 007/024] time=574.5s lr=1.61e-04 | train: loss=0.37724, flow=0.31376, rec=0.12571, mae=0.1182, vp=0.1950, vs=0.0933, rho=0.0662 | val: loss=0.33818, flow=0.27978, rec=0.11578, slope=0.00822, curv=0.01012, sample_mae=0.2006, sample_vp=0.3389, sample_vs=0.1479, sample_rho=0.1149
  -> Best model saved to /Users/yuziye/Documents/GitHub/physical-sensitivity-kernels/ckpt/fair_di_strong_full_seed642026/best.pt
[Step 00011000] epoch=008 batch=00059/01563 loss=0.370332 flow=0.314241 rec=0.111054 slope=0.008872 curv=0.012049 mae=0.10835 vp_mae=0.17733 vs_mae=0.08763 rho_mae=0.06009
[Step 00011100] epoch=008 batch=00159/01563 loss=0.345893 flow=0.286962 rec=0.116657 slope=0.009477 curv=0.012868 mae=0.11540 vp_mae=0.18950 vs_mae=0.09291 rho_mae=0.06377
[Step 00011200] epoch=008 batch=00259/01563 loss=0.376069 flow=0.305319 rec=0.140187 slope=0.010310 curv=0.014045 mae=0.12486 vp_mae=0.20600 vs_mae=0.09560 rho_mae=0.07297
[Step 00011300] epoch=008 batch=00359/01563 loss=0.373416 flow=0.312347 rec=0.120909 slope=0.009602 curv=0.013501 mae=0.11536 vp_mae=0.18741 vs_mae=0.09379 rho_mae=0.06487
[Step 00011400] epoch=008 batch=00459/01563 loss=0.376607 flow=0.308084 rec=0.135745 slope=0.010316 curv=0.013394 mae=0.12483 vp_mae=0.21318 vs_mae=0.08891 rho_mae=0.07238
[Step 00011500] epoch=008 batch=00559/01563 loss=0.353396 flow=0.289441 rec=0.126639 slope=0.009992 curv=0.013538 mae=0.11684 vp_mae=0.19203 vs_mae=0.09050 rho_mae=0.06799
[Step 00011600] epoch=008 batch=00659/01563 loss=0.379241 flow=0.314406 rec=0.128424 slope=0.009827 curv=0.013165 mae=0.11955 vp_mae=0.19982 vs_mae=0.09052 rho_mae=0.06833
[Step 00011700] epoch=008 batch=00759/01563 loss=0.343054 flow=0.282034 rec=0.120861 slope=0.009253 curv=0.012662 mae=0.11764 vp_mae=0.19465 vs_mae=0.09209 rho_mae=0.06617
[Step 00011800] epoch=008 batch=00859/01563 loss=0.400945 flow=0.338031 rec=0.124620 slope=0.009606 curv=0.012354 mae=0.11615 vp_mae=0.19104 vs_mae=0.09176 rho_mae=0.06564
[Step 00011900] epoch=008 batch=00959/01563 loss=0.372863 flow=0.304086 rec=0.136289 slope=0.009904 curv=0.013744 mae=0.12412 vp_mae=0.20584 vs_mae=0.09543 rho_mae=0.07110
[Step 00012000] epoch=008 batch=01059/01563 loss=0.376235 flow=0.314409 rec=0.122504 slope=0.008973 curv=0.012546 mae=0.11581 vp_mae=0.18893 vs_mae=0.09226 rho_mae=0.06623
[Step 00012100] epoch=008 batch=01159/01563 loss=0.368648 flow=0.314179 rec=0.107814 slope=0.008813 curv=0.012155 mae=0.10564 vp_mae=0.17376 vs_mae=0.08349 rho_mae=0.05967
[Step 00012200] epoch=008 batch=01259/01563 loss=0.375230 flow=0.315334 rec=0.118580 slope=0.009624 curv=0.012511 mae=0.11592 vp_mae=0.19232 vs_mae=0.09168 rho_mae=0.06375
[Step 00012300] epoch=008 batch=01359/01563 loss=0.398240 flow=0.338067 rec=0.119141 slope=0.009532 curv=0.012532 mae=0.11392 vp_mae=0.19036 vs_mae=0.08896 rho_mae=0.06244
[Step 00012400] epoch=008 batch=01459/01563 loss=0.385083 flow=0.316302 rec=0.136282 slope=0.010138 curv=0.013373 mae=0.12585 vp_mae=0.21132 vs_mae=0.09564 rho_mae=0.07058
[Step 00012500] epoch=008 batch=01559/01563 loss=0.335402 flow=0.283705 rec=0.102315 slope=0.008433 curv=0.011856 mae=0.10307 vp_mae=0.17163 vs_mae=0.08089 rho_mae=0.05671
[Epoch 008/024] time=579.5s lr=1.50e-04 | train: loss=0.37077, flow=0.30873, rec=0.12286, mae=0.1166, vp=0.1928, vs=0.0916, rho=0.0655 | val: loss=0.32961, flow=0.27334, rec=0.11153, slope=0.00816, curv=0.01009, sample_mae=0.2039, sample_vp=0.3437, sample_vs=0.1523, sample_rho=0.1157
  -> Best model saved to /Users/yuziye/Documents/GitHub/physical-sensitivity-kernels/ckpt/fair_di_strong_full_seed642026/best.pt
[Step 00012600] epoch=009 batch=00096/01563 loss=0.369113 flow=0.298195 rec=0.140564 slope=0.010001 curv=0.013621 mae=0.12742 vp_mae=0.21020 vs_mae=0.10022 rho_mae=0.07185
[Step 00012700] epoch=009 batch=00196/01563 loss=0.360472 flow=0.301874 rec=0.116019 slope=0.009261 curv=0.012511 mae=0.11212 vp_mae=0.19000 vs_mae=0.08197 rho_mae=0.06438
[Step 00012800] epoch=009 batch=00296/01563 loss=0.345178 flow=0.287261 rec=0.114593 slope=0.009798 curv=0.013088 mae=0.11450 vp_mae=0.19038 vs_mae=0.08820 rho_mae=0.06493
[Step 00012900] epoch=009 batch=00396/01563 loss=0.362894 flow=0.306193 rec=0.112148 slope=0.009908 curv=0.013207 mae=0.11193 vp_mae=0.18547 vs_mae=0.08702 rho_mae=0.06329
[Step 00013000] epoch=009 batch=00496/01563 loss=0.357597 flow=0.297123 rec=0.119679 slope=0.010018 curv=0.013413 mae=0.11796 vp_mae=0.19720 vs_mae=0.08911 rho_mae=0.06758
[Step 00013100] epoch=009 batch=00596/01563 loss=0.354022 flow=0.302419 rec=0.102058 slope=0.009030 curv=0.012206 mae=0.10438 vp_mae=0.17039 vs_mae=0.08364 rho_mae=0.05910
[Step 00013200] epoch=009 batch=00696/01563 loss=0.386054 flow=0.315919 rec=0.139019 slope=0.009988 curv=0.012688 mae=0.12545 vp_mae=0.20463 vs_mae=0.09910 rho_mae=0.07262
[Step 00013300] epoch=009 batch=00796/01563 loss=0.349438 flow=0.302104 rec=0.093544 slope=0.008848 curv=0.012031 mae=0.09740 vp_mae=0.16051 vs_mae=0.07733 rho_mae=0.05436
[Step 00013400] epoch=009 batch=00896/01563 loss=0.363601 flow=0.302917 rec=0.120160 slope=0.009498 curv=0.012895 mae=0.11597 vp_mae=0.19460 vs_mae=0.09030 rho_mae=0.06300
[Step 00013500] epoch=009 batch=00996/01563 loss=0.347386 flow=0.301285 rec=0.090994 slope=0.009581 curv=0.012528 mae=0.09901 vp_mae=0.16525 vs_mae=0.07630 rho_mae=0.05549
[Step 00013600] epoch=009 batch=01096/01563 loss=0.362166 flow=0.312572 rec=0.098026 slope=0.009176 curv=0.012245 mae=0.10335 vp_mae=0.16993 vs_mae=0.08205 rho_mae=0.05807
[Step 00013700] epoch=009 batch=01196/01563 loss=0.362931 flow=0.300944 rec=0.122794 slope=0.009340 curv=0.012285 mae=0.11592 vp_mae=0.19200 vs_mae=0.08953 rho_mae=0.06623
[Step 00013800] epoch=009 batch=01296/01563 loss=0.375222 flow=0.301924 rec=0.145281 slope=0.010477 curv=0.013332 mae=0.12964 vp_mae=0.21062 vs_mae=0.10727 rho_mae=0.07102
[Step 00013900] epoch=009 batch=01396/01563 loss=0.350061 flow=0.291531 rec=0.115838 slope=0.009695 curv=0.012694 mae=0.11248 vp_mae=0.18356 vs_mae=0.09041 rho_mae=0.06347
[Step 00014000] epoch=009 batch=01496/01563 loss=0.381752 flow=0.316364 rec=0.129578 slope=0.009403 curv=0.012930 mae=0.12313 vp_mae=0.20335 vs_mae=0.09595 rho_mae=0.07009
[Epoch 009/024] time=539.3s lr=1.39e-04 | train: loss=0.36544, flow=0.30417, rec=0.12133, mae=0.1158, vp=0.1917, vs=0.0907, rho=0.0650 | val: loss=0.32411, flow=0.26880, rec=0.10961, slope=0.00808, curv=0.00992, sample_mae=0.2006, sample_vp=0.3418, sample_vs=0.1444, sample_rho=0.1156
  -> Best model saved to /Users/yuziye/Documents/GitHub/physical-sensitivity-kernels/ckpt/fair_di_strong_full_seed642026/best.pt
[Step 00014100] epoch=010 batch=00033/01563 loss=0.368821 flow=0.295860 rec=0.144608 slope=0.010382 curv=0.013789 mae=0.12885 vp_mae=0.20998 vs_mae=0.10561 rho_mae=0.07096
[Step 00014200] epoch=010 batch=00133/01563 loss=0.372299 flow=0.310077 rec=0.123234 slope=0.009581 curv=0.012613 mae=0.11945 vp_mae=0.20060 vs_mae=0.08947 rho_mae=0.06827
[Step 00014300] epoch=010 batch=00233/01563 loss=0.345508 flow=0.280806 rec=0.128188 slope=0.009542 curv=0.013025 mae=0.11773 vp_mae=0.19474 vs_mae=0.09087 rho_mae=0.06758
[Step 00014400] epoch=010 batch=00333/01563 loss=0.349357 flow=0.285691 rec=0.126053 slope=0.010037 curv=0.013740 mae=0.11969 vp_mae=0.19680 vs_mae=0.09346 rho_mae=0.06879
[Step 00014500] epoch=010 batch=00433/01563 loss=0.364628 flow=0.298784 rec=0.130411 slope=0.010084 curv=0.013389 mae=0.12230 vp_mae=0.20402 vs_mae=0.09616 rho_mae=0.06672
[Step 00014600] epoch=010 batch=00533/01563 loss=0.323524 flow=0.267201 rec=0.111418 slope=0.009635 curv=0.013211 mae=0.11166 vp_mae=0.18697 vs_mae=0.08473 rho_mae=0.06327
[Step 00014700] epoch=010 batch=00633/01563 loss=0.344341 flow=0.284146 rec=0.119100 slope=0.010235 curv=0.013297 mae=0.11642 vp_mae=0.19517 vs_mae=0.08848 rho_mae=0.06560
[Step 00014800] epoch=010 batch=00733/01563 loss=0.336654 flow=0.275165 rec=0.121698 slope=0.010111 curv=0.013475 mae=0.12080 vp_mae=0.19339 vs_mae=0.10248 rho_mae=0.06653
[Step 00014900] epoch=010 batch=00833/01563 loss=0.323967 flow=0.258778 rec=0.129063 slope=0.010342 curv=0.014060 mae=0.12051 vp_mae=0.20136 vs_mae=0.09124 rho_mae=0.06893
[Step 00015000] epoch=010 batch=00933/01563 loss=0.373833 flow=0.300836 rec=0.144662 slope=0.010566 curv=0.013723 mae=0.12742 vp_mae=0.21032 vs_mae=0.09920 rho_mae=0.07272
[Step 00015100] epoch=010 batch=01033/01563 loss=0.374505 flow=0.316558 rec=0.114689 slope=0.009485 curv=0.012795 mae=0.11277 vp_mae=0.18861 vs_mae=0.08716 rho_mae=0.06253
[Step 00015200] epoch=010 batch=01133/01563 loss=0.307645 flow=0.250988 rec=0.112108 slope=0.009480 curv=0.012935 mae=0.11207 vp_mae=0.18574 vs_mae=0.08611 rho_mae=0.06435
[Step 00015300] epoch=010 batch=01233/01563 loss=0.349886 flow=0.285983 rec=0.126574 slope=0.009735 curv=0.012879 mae=0.11789 vp_mae=0.19966 vs_mae=0.08655 rho_mae=0.06746
[Step 00015400] epoch=010 batch=01333/01563 loss=0.345095 flow=0.292059 rec=0.104831 slope=0.009930 curv=0.012371 mae=0.10818 vp_mae=0.17839 vs_mae=0.08758 rho_mae=0.05859
[Step 00015500] epoch=010 batch=01433/01563 loss=0.359237 flow=0.293632 rec=0.129893 slope=0.010421 curv=0.013705 mae=0.12444 vp_mae=0.20963 vs_mae=0.09156 rho_mae=0.07212
[Step 00015600] epoch=010 batch=01533/01563 loss=0.347490 flow=0.285142 rec=0.123484 slope=0.009550 curv=0.012795 mae=0.11719 vp_mae=0.18935 vs_mae=0.09952 rho_mae=0.06271
[Epoch 010/024] time=529.2s lr=1.26e-04 | train: loss=0.36014, flow=0.29970, rec=0.11967, mae=0.1146, vp=0.1899, vs=0.0895, rho=0.0645 | val: loss=0.32553, flow=0.26908, rec=0.11190, slope=0.00801, curv=0.00984, sample_mae=0.2006, sample_vp=0.3409, sample_vs=0.1450, sample_rho=0.1160
[Step 00015700] epoch=011 batch=00070/01563 loss=0.340860 flow=0.281092 rec=0.118318 slope=0.009530 curv=0.013208 mae=0.11530 vp_mae=0.19093 vs_mae=0.08811 rho_mae=0.06685
[Step 00015800] epoch=011 batch=00170/01563 loss=0.349691 flow=0.298921 rec=0.100423 slope=0.008817 curv=0.011703 mae=0.10331 vp_mae=0.17343 vs_mae=0.08093 rho_mae=0.05558
[Step 00015900] epoch=011 batch=00270/01563 loss=0.350126 flow=0.295047 rec=0.108919 slope=0.009804 curv=0.012947 mae=0.10921 vp_mae=0.18229 vs_mae=0.08460 rho_mae=0.06074
[Step 00016000] epoch=011 batch=00370/01563 loss=0.395116 flow=0.335331 rec=0.118338 slope=0.009784 curv=0.012654 mae=0.11154 vp_mae=0.18693 vs_mae=0.08338 rho_mae=0.06431
[Step 00016100] epoch=011 batch=00470/01563 loss=0.353361 flow=0.301098 rec=0.103408 slope=0.008788 curv=0.011994 mae=0.10493 vp_mae=0.17468 vs_mae=0.08070 rho_mae=0.05940
[Step 00016200] epoch=011 batch=00570/01563 loss=0.348719 flow=0.295819 rec=0.104604 slope=0.009445 curv=0.012634 mae=0.10720 vp_mae=0.17922 vs_mae=0.08403 rho_mae=0.05836
[Step 00016300] epoch=011 batch=00670/01563 loss=0.366151 flow=0.309166 rec=0.112782 slope=0.009374 curv=0.012466 mae=0.10972 vp_mae=0.18252 vs_mae=0.08422 rho_mae=0.06242
[Step 00016400] epoch=011 batch=00770/01563 loss=0.354377 flow=0.292689 rec=0.122077 slope=0.010243 curv=0.013677 mae=0.11568 vp_mae=0.19183 vs_mae=0.09039 rho_mae=0.06482
[Step 00016500] epoch=011 batch=00870/01563 loss=0.348234 flow=0.289504 rec=0.116327 slope=0.008932 curv=0.012021 mae=0.11001 vp_mae=0.18352 vs_mae=0.08544 rho_mae=0.06109
[Step 00016600] epoch=011 batch=00970/01563 loss=0.303209 flow=0.248598 rec=0.108038 slope=0.009325 curv=0.012603 mae=0.11075 vp_mae=0.18477 vs_mae=0.08550 rho_mae=0.06199
[Step 00016700] epoch=011 batch=01070/01563 loss=0.334191 flow=0.284784 rec=0.097757 slope=0.008310 curv=0.011290 mae=0.10379 vp_mae=0.17144 vs_mae=0.08264 rho_mae=0.05729
[Step 00016800] epoch=011 batch=01170/01563 loss=0.325254 flow=0.282747 rec=0.083946 slope=0.008325 curv=0.011751 mae=0.09433 vp_mae=0.15428 vs_mae=0.07551 rho_mae=0.05319
[Step 00016900] epoch=011 batch=01270/01563 loss=0.340969 flow=0.281587 rec=0.117562 slope=0.009441 curv=0.012932 mae=0.11104 vp_mae=0.18181 vs_mae=0.08894 rho_mae=0.06236
[Step 00017000] epoch=011 batch=01370/01563 loss=0.365046 flow=0.292341 rec=0.144145 slope=0.009980 curv=0.013347 mae=0.12799 vp_mae=0.21490 vs_mae=0.09640 rho_mae=0.07268
[Step 00017100] epoch=011 batch=01470/01563 loss=0.361007 flow=0.303592 rec=0.113651 slope=0.009372 curv=0.012029 mae=0.10955 vp_mae=0.17946 vs_mae=0.08841 rho_mae=0.06079
[Epoch 011/024] time=535.9s lr=1.13e-04 | train: loss=0.35638, flow=0.29676, rec=0.11804, mae=0.1138, vp=0.1886, vs=0.0887, rho=0.0639 | val: loss=0.31999, flow=0.26516, rec=0.10867, slope=0.00793, curv=0.00965, sample_mae=0.1993, sample_vp=0.3409, sample_vs=0.1416, sample_rho=0.1156
  -> Best model saved to /Users/yuziye/Documents/GitHub/physical-sensitivity-kernels/ckpt/fair_di_strong_full_seed642026/best.pt
[Step 00017200] epoch=012 batch=00007/01563 loss=0.371329 flow=0.296582 rec=0.148280 slope=0.009656 curv=0.012343 mae=0.12562 vp_mae=0.20325 vs_mae=0.10314 rho_mae=0.07046
[Step 00017300] epoch=012 batch=00107/01563 loss=0.344641 flow=0.288581 rec=0.110939 slope=0.009382 curv=0.012210 mae=0.11061 vp_mae=0.18343 vs_mae=0.08691 rho_mae=0.06149
[Step 00017400] epoch=012 batch=00207/01563 loss=0.356287 flow=0.306858 rec=0.097792 slope=0.008361 curv=0.011449 mae=0.10260 vp_mae=0.17184 vs_mae=0.07865 rho_mae=0.05732
[Step 00017500] epoch=012 batch=00307/01563 loss=0.362089 flow=0.290213 rec=0.142516 slope=0.009859 curv=0.012477 mae=0.12946 vp_mae=0.21962 vs_mae=0.09697 rho_mae=0.07180
[Step 00017600] epoch=012 batch=00407/01563 loss=0.347175 flow=0.288383 rec=0.116449 slope=0.008990 curv=0.011748 mae=0.11261 vp_mae=0.18748 vs_mae=0.08538 rho_mae=0.06498
[Step 00017700] epoch=012 batch=00507/01563 loss=0.334275 flow=0.277311 rec=0.112753 slope=0.009308 curv=0.012179 mae=0.11127 vp_mae=0.18553 vs_mae=0.08689 rho_mae=0.06138
[Step 00017800] epoch=012 batch=00607/01563 loss=0.366708 flow=0.322467 rec=0.087389 slope=0.008631 curv=0.011443 mae=0.09416 vp_mae=0.15746 vs_mae=0.07148 rho_mae=0.05354
[Step 00017900] epoch=012 batch=00707/01563 loss=0.322757 flow=0.274010 rec=0.096362 slope=0.008901 curv=0.012071 mae=0.10103 vp_mae=0.17066 vs_mae=0.07517 rho_mae=0.05726
[Step 00018000] epoch=012 batch=00807/01563 loss=0.351843 flow=0.289540 rec=0.123408 slope=0.009438 curv=0.012788 mae=0.11609 vp_mae=0.19316 vs_mae=0.08965 rho_mae=0.06545
[Step 00018100] epoch=012 batch=00907/01563 loss=0.345552 flow=0.284724 rec=0.120556 slope=0.008588 curv=0.012042 mae=0.11394 vp_mae=0.19136 vs_mae=0.08372 rho_mae=0.06675
[Step 00018200] epoch=012 batch=01007/01563 loss=0.331914 flow=0.280477 rec=0.101658 slope=0.009625 curv=0.012631 mae=0.10636 vp_mae=0.17694 vs_mae=0.08192 rho_mae=0.06022
[Step 00018300] epoch=012 batch=01107/01563 loss=0.318472 flow=0.262681 rec=0.110346 slope=0.009762 curv=0.012948 mae=0.11138 vp_mae=0.18780 vs_mae=0.08429 rho_mae=0.06207
[Step 00018400] epoch=012 batch=01207/01563 loss=0.342443 flow=0.282871 rec=0.117897 slope=0.009885 curv=0.012943 mae=0.11618 vp_mae=0.19094 vs_mae=0.09227 rho_mae=0.06532
[Step 00018500] epoch=012 batch=01307/01563 loss=0.373463 flow=0.305487 rec=0.134785 slope=0.009257 curv=0.012101 mae=0.11722 vp_mae=0.19423 vs_mae=0.09066 rho_mae=0.06678
[Step 00018600] epoch=012 batch=01407/01563 loss=0.353336 flow=0.288636 rec=0.128151 slope=0.009888 curv=0.012965 mae=0.12147 vp_mae=0.20370 vs_mae=0.09158 rho_mae=0.06913
[Step 00018700] epoch=012 batch=01507/01563 loss=0.353756 flow=0.295390 rec=0.115508 slope=0.009645 curv=0.012966 mae=0.10994 vp_mae=0.18356 vs_mae=0.08413 rho_mae=0.06213
[Epoch 012/024] time=538.3s lr=1.00e-04 | train: loss=0.35163, flow=0.29278, rec=0.11650, mae=0.1128, vp=0.1873, vs=0.0876, rho=0.0635 | val: loss=0.31530, flow=0.26151, rec=0.10661, slope=0.00782, curv=0.00956, sample_mae=0.1935, sample_vp=0.3301, sample_vs=0.1386, sample_rho=0.1118
  -> Best model saved to /Users/yuziye/Documents/GitHub/physical-sensitivity-kernels/ckpt/fair_di_strong_full_seed642026/best.pt
[Step 00018800] epoch=013 batch=00044/01563 loss=0.331913 flow=0.268968 rec=0.124663 slope=0.009704 curv=0.012876 mae=0.11819 vp_mae=0.19543 vs_mae=0.09131 rho_mae=0.06783
[Step 00018900] epoch=013 batch=00144/01563 loss=0.345621 flow=0.289337 rec=0.111382 slope=0.009327 curv=0.012672 mae=0.11202 vp_mae=0.18446 vs_mae=0.08987 rho_mae=0.06172
[Step 00019000] epoch=013 batch=00244/01563 loss=0.363511 flow=0.313217 rec=0.099474 slope=0.008791 curv=0.011701 mae=0.10222 vp_mae=0.17028 vs_mae=0.07782 rho_mae=0.05857
[Step 00019100] epoch=013 batch=00344/01563 loss=0.320069 flow=0.261760 rec=0.115441 slope=0.009374 curv=0.011948 mae=0.11440 vp_mae=0.18936 vs_mae=0.08758 rho_mae=0.06626
[Step 00019200] epoch=013 batch=00444/01563 loss=0.364818 flow=0.301675 rec=0.124989 slope=0.010339 curv=0.013138 mae=0.11871 vp_mae=0.20261 vs_mae=0.08748 rho_mae=0.06602
[Step 00019300] epoch=013 batch=00544/01563 loss=0.345487 flow=0.284324 rec=0.121134 slope=0.009471 curv=0.012259 mae=0.11582 vp_mae=0.19361 vs_mae=0.08936 rho_mae=0.06449
[Step 00019400] epoch=013 batch=00644/01563 loss=0.407457 flow=0.341316 rec=0.131123 slope=0.009167 curv=0.012148 mae=0.11957 vp_mae=0.20577 vs_mae=0.08350 rho_mae=0.06945
[Step 00019500] epoch=013 batch=00744/01563 loss=0.330674 flow=0.277352 rec=0.105521 slope=0.008811 curv=0.012112 mae=0.10608 vp_mae=0.17517 vs_mae=0.08376 rho_mae=0.05929
[Step 00019600] epoch=013 batch=00844/01563 loss=0.335277 flow=0.282310 rec=0.104744 slope=0.009412 curv=0.012426 mae=0.10718 vp_mae=0.17734 vs_mae=0.08504 rho_mae=0.05916
[Step 00019700] epoch=013 batch=00944/01563 loss=0.348221 flow=0.289605 rec=0.116066 slope=0.009122 curv=0.012690 mae=0.11151 vp_mae=0.18253 vs_mae=0.08913 rho_mae=0.06288
[Step 00019800] epoch=013 batch=01044/01563 loss=0.351268 flow=0.283175 rec=0.134977 slope=0.009510 curv=0.012939 mae=0.12385 vp_mae=0.20466 vs_mae=0.09781 rho_mae=0.06908
[Step 00019900] epoch=013 batch=01144/01563 loss=0.344216 flow=0.274897 rec=0.137342 slope=0.010327 curv=0.013241 mae=0.12630 vp_mae=0.20639 vs_mae=0.10410 rho_mae=0.06840
[Step 00020000] epoch=013 batch=01244/01563 loss=0.340499 flow=0.277851 rec=0.124078 slope=0.009586 curv=0.013009 mae=0.11790 vp_mae=0.19720 vs_mae=0.08862 rho_mae=0.06788
[Step 00020100] epoch=013 batch=01344/01563 loss=0.345599 flow=0.297117 rec=0.095926 slope=0.008116 curv=0.011261 mae=0.10153 vp_mae=0.16639 vs_mae=0.08204 rho_mae=0.05616
[Step 00020200] epoch=013 batch=01444/01563 loss=0.322978 flow=0.262919 rec=0.118953 slope=0.009231 curv=0.012126 mae=0.11390 vp_mae=0.18957 vs_mae=0.08880 rho_mae=0.06334
[Step 00020300] epoch=013 batch=01544/01563 loss=0.361481 flow=0.300548 rec=0.120624 slope=0.009783 curv=0.013140 mae=0.11348 vp_mae=0.18892 vs_mae=0.08739 rho_mae=0.06414
[Epoch 013/024] time=533.3s lr=8.75e-05 | train: loss=0.34780, flow=0.28938, rec=0.11565, mae=0.1123, vp=0.1867, vs=0.0870, rho=0.0633 | val: loss=0.31003, flow=0.25579, rec=0.10751, slope=0.00780, curv=0.00950, sample_mae=0.1941, sample_vp=0.3320, sample_vs=0.1377, sample_rho=0.1126
  -> Best model saved to /Users/yuziye/Documents/GitHub/physical-sensitivity-kernels/ckpt/fair_di_strong_full_seed642026/best.pt
[Step 00020400] epoch=014 batch=00081/01563 loss=0.343257 flow=0.278895 rec=0.127528 slope=0.009428 curv=0.012585 mae=0.11806 vp_mae=0.19959 vs_mae=0.08687 rho_mae=0.06771
[Step 00020500] epoch=014 batch=00181/01563 loss=0.355173 flow=0.292536 rec=0.124106 slope=0.009214 curv=0.012376 mae=0.11671 vp_mae=0.19689 vs_mae=0.08670 rho_mae=0.06654
[Step 00020600] epoch=014 batch=00281/01563 loss=0.340270 flow=0.281150 rec=0.117119 slope=0.008834 curv=0.011872 mae=0.10890 vp_mae=0.18000 vs_mae=0.08222 rho_mae=0.06449
[Step 00020700] epoch=014 batch=00381/01563 loss=0.372038 flow=0.295369 rec=0.151923 slope=0.011149 curv=0.015009 mae=0.13658 vp_mae=0.23028 vs_mae=0.10073 rho_mae=0.07872
[Step 00020800] epoch=014 batch=00481/01563 loss=0.330243 flow=0.284626 rec=0.090083 slope=0.009157 curv=0.011804 mae=0.09737 vp_mae=0.15927 vs_mae=0.07783 rho_mae=0.05500
[Step 00020900] epoch=014 batch=00581/01563 loss=0.367143 flow=0.298075 rec=0.136958 slope=0.009287 curv=0.012422 mae=0.12200 vp_mae=0.20200 vs_mae=0.09474 rho_mae=0.06927
[Step 00021000] epoch=014 batch=00681/01563 loss=0.337405 flow=0.288259 rec=0.097190 slope=0.008812 curv=0.011055 mae=0.09926 vp_mae=0.16241 vs_mae=0.08189 rho_mae=0.05348
[Step 00021100] epoch=014 batch=00781/01563 loss=0.350414 flow=0.291232 rec=0.117102 slope=0.010021 curv=0.013007 mae=0.11827 vp_mae=0.19468 vs_mae=0.09541 rho_mae=0.06471
[Step 00021200] epoch=014 batch=00881/01563 loss=0.336851 flow=0.292039 rec=0.088563 slope=0.008363 curv=0.011291 mae=0.09569 vp_mae=0.16293 vs_mae=0.06956 rho_mae=0.05458
[Step 00021300] epoch=014 batch=00981/01563 loss=0.352215 flow=0.291279 rec=0.120667 slope=0.009505 curv=0.012748 mae=0.11335 vp_mae=0.18899 vs_mae=0.08710 rho_mae=0.06396
[Step 00021400] epoch=014 batch=01081/01563 loss=0.353698 flow=0.312689 rec=0.081055 slope=0.007549 curv=0.010488 mae=0.09118 vp_mae=0.15308 vs_mae=0.06943 rho_mae=0.05103
[Step 00021500] epoch=014 batch=01181/01563 loss=0.353180 flow=0.286511 rec=0.132050 slope=0.010281 curv=0.012968 mae=0.12164 vp_mae=0.20181 vs_mae=0.09659 rho_mae=0.06651
[Step 00021600] epoch=014 batch=01281/01563 loss=0.344911 flow=0.287630 rec=0.113344 slope=0.009672 curv=0.012566 mae=0.11241 vp_mae=0.19012 vs_mae=0.08463 rho_mae=0.06249
[Step 00021700] epoch=014 batch=01381/01563 loss=0.330652 flow=0.270884 rec=0.118395 slope=0.008944 curv=0.012322 mae=0.11249 vp_mae=0.18814 vs_mae=0.08592 rho_mae=0.06340
[Step 00021800] epoch=014 batch=01481/01563 loss=0.344482 flow=0.282032 rec=0.123697 slope=0.009505 curv=0.012659 mae=0.11839 vp_mae=0.19830 vs_mae=0.08782 rho_mae=0.06906
[Epoch 014/024] time=533.2s lr=7.47e-05 | train: loss=0.34376, flow=0.28649, rec=0.11335, mae=0.1110, vp=0.1846, vs=0.0857, rho=0.0626 | val: loss=0.30492, flow=0.25170, rec=0.10547, slope=0.00784, curv=0.00953, sample_mae=0.1931, sample_vp=0.3305, sample_vs=0.1369, sample_rho=0.1119
  -> Best model saved to /Users/yuziye/Documents/GitHub/physical-sensitivity-kernels/ckpt/fair_di_strong_full_seed642026/best.pt
[Step 00021900] epoch=015 batch=00018/01563 loss=0.347485 flow=0.287290 rec=0.119171 slope=0.009664 curv=0.012553 mae=0.11511 vp_mae=0.19193 vs_mae=0.08901 rho_mae=0.06439
[Step 00022000] epoch=015 batch=00118/01563 loss=0.327921 flow=0.266628 rec=0.121350 slope=0.009769 curv=0.013011 mae=0.11682 vp_mae=0.19790 vs_mae=0.08570 rho_mae=0.06687
[Step 00022100] epoch=015 batch=00218/01563 loss=0.369744 flow=0.294611 rec=0.149038 slope=0.009653 curv=0.013160 mae=0.13073 vp_mae=0.21539 vs_mae=0.10592 rho_mae=0.07087
[Step 00022200] epoch=015 batch=00318/01563 loss=0.346183 flow=0.286760 rec=0.117620 slope=0.009772 curv=0.012495 mae=0.11366 vp_mae=0.19313 vs_mae=0.08252 rho_mae=0.06532
[Step 00022300] epoch=015 batch=00418/01563 loss=0.333694 flow=0.282499 rec=0.101231 slope=0.009156 curv=0.012177 mae=0.10077 vp_mae=0.17017 vs_mae=0.07204 rho_mae=0.06011
[Step 00022400] epoch=015 batch=00518/01563 loss=0.358393 flow=0.305019 rec=0.105509 slope=0.009886 curv=0.012582 mae=0.10810 vp_mae=0.17828 vs_mae=0.08659 rho_mae=0.05945
[Step 00022500] epoch=015 batch=00618/01563 loss=0.351713 flow=0.302043 rec=0.098245 slope=0.008673 curv=0.011401 mae=0.09962 vp_mae=0.16433 vs_mae=0.07919 rho_mae=0.05535
[Step 00022600] epoch=015 batch=00718/01563 loss=0.352799 flow=0.290818 rec=0.122689 slope=0.010142 curv=0.012999 mae=0.11734 vp_mae=0.19150 vs_mae=0.09560 rho_mae=0.06492
[Step 00022700] epoch=015 batch=00818/01563 loss=0.336769 flow=0.283183 rec=0.106057 slope=0.008795 curv=0.011778 mae=0.10557 vp_mae=0.17650 vs_mae=0.07895 rho_mae=0.06124
[Step 00022800] epoch=015 batch=00918/01563 loss=0.327603 flow=0.276037 rec=0.101974 slope=0.009157 curv=0.012104 mae=0.10458 vp_mae=0.17066 vs_mae=0.08552 rho_mae=0.05755
[Step 00022900] epoch=015 batch=01018/01563 loss=0.343961 flow=0.289430 rec=0.107956 slope=0.008770 curv=0.011494 mae=0.10464 vp_mae=0.17730 vs_mae=0.07453 rho_mae=0.06208
[Step 00023000] epoch=015 batch=01118/01563 loss=0.356870 flow=0.302934 rec=0.106661 slope=0.009540 curv=0.012837 mae=0.10601 vp_mae=0.17576 vs_mae=0.08203 rho_mae=0.06025
[Step 00023100] epoch=015 batch=01218/01563 loss=0.340683 flow=0.294837 rec=0.090612 slope=0.008427 curv=0.011846 mae=0.09793 vp_mae=0.16430 vs_mae=0.07449 rho_mae=0.05499
[Step 00023200] epoch=015 batch=01318/01563 loss=0.325215 flow=0.274347 rec=0.100706 slope=0.008086 curv=0.011065 mae=0.10199 vp_mae=0.16762 vs_mae=0.08195 rho_mae=0.05639
[Step 00023300] epoch=015 batch=01418/01563 loss=0.344611 flow=0.285328 rec=0.117396 slope=0.009224 curv=0.012320 mae=0.11252 vp_mae=0.18190 vs_mae=0.09370 rho_mae=0.06194
[Step 00023400] epoch=015 batch=01518/01563 loss=0.347679 flow=0.290807 rec=0.112524 slope=0.009647 curv=0.012763 mae=0.11042 vp_mae=0.18089 vs_mae=0.08910 rho_mae=0.06128
[Epoch 015/024] time=533.4s lr=6.24e-05 | train: loss=0.34005, flow=0.28366, rec=0.11160, mae=0.1100, vp=0.1830, vs=0.0848, rho=0.0620 | val: loss=0.30093, flow=0.24907, rec=0.10276, slope=0.00780, curv=0.00942, sample_mae=0.1899, sample_vp=0.3253, sample_vs=0.1343, sample_rho=0.1102
  -> Best model saved to /Users/yuziye/Documents/GitHub/physical-sensitivity-kernels/ckpt/fair_di_strong_full_seed642026/best.pt
[Step 00023500] epoch=016 batch=00055/01563 loss=0.347014 flow=0.290858 rec=0.111101 slope=0.009510 curv=0.012936 mae=0.11220 vp_mae=0.18830 vs_mae=0.08665 rho_mae=0.06164
[Step 00023600] epoch=016 batch=00155/01563 loss=0.351092 flow=0.288633 rec=0.123769 slope=0.009105 curv=0.011897 mae=0.11755 vp_mae=0.19659 vs_mae=0.08886 rho_mae=0.06720
[Step 00023700] epoch=016 batch=00255/01563 loss=0.325187 flow=0.272842 rec=0.103430 slope=0.009951 curv=0.013250 mae=0.10566 vp_mae=0.17511 vs_mae=0.08257 rho_mae=0.05932
[Step 00023800] epoch=016 batch=00355/01563 loss=0.370952 flow=0.298617 rec=0.143486 slope=0.009424 curv=0.012044 mae=0.12357 vp_mae=0.20634 vs_mae=0.09373 rho_mae=0.07065
[Step 00023900] epoch=016 batch=00455/01563 loss=0.299435 flow=0.256573 rec=0.084671 slope=0.008325 curv=0.011050 mae=0.09514 vp_mae=0.15791 vs_mae=0.07537 rho_mae=0.05215
[Step 00024000] epoch=016 batch=00555/01563 loss=0.362868 flow=0.287946 rec=0.148555 slope=0.010236 curv=0.013298 mae=0.13134 vp_mae=0.21505 vs_mae=0.10585 rho_mae=0.07311
[Step 00024100] epoch=016 batch=00655/01563 loss=0.356730 flow=0.276843 rec=0.158533 slope=0.009928 curv=0.012373 mae=0.13388 vp_mae=0.22374 vs_mae=0.10166 rho_mae=0.07624
[Step 00024200] epoch=016 batch=00755/01563 loss=0.320356 flow=0.278522 rec=0.082517 slope=0.009073 curv=0.012122 mae=0.09358 vp_mae=0.15630 vs_mae=0.07105 rho_mae=0.05338
[Step 00024300] epoch=016 batch=00855/01563 loss=0.375424 flow=0.312844 rec=0.123956 slope=0.009537 curv=0.012462 mae=0.11625 vp_mae=0.19116 vs_mae=0.09293 rho_mae=0.06467
[Step 00024400] epoch=016 batch=00955/01563 loss=0.342628 flow=0.279827 rec=0.124370 slope=0.009741 curv=0.012869 mae=0.11601 vp_mae=0.19865 vs_mae=0.08169 rho_mae=0.06769
[Step 00024500] epoch=016 batch=01055/01563 loss=0.337847 flow=0.286814 rec=0.100888 slope=0.009308 curv=0.012354 mae=0.10319 vp_mae=0.17214 vs_mae=0.07987 rho_mae=0.05756
[Step 00024600] epoch=016 batch=01155/01563 loss=0.320790 flow=0.267731 rec=0.104994 slope=0.008873 curv=0.011797 mae=0.10462 vp_mae=0.17725 vs_mae=0.07711 rho_mae=0.05949
[Step 00024700] epoch=016 batch=01255/01563 loss=0.325414 flow=0.269829 rec=0.110056 slope=0.008831 curv=0.011468 mae=0.10870 vp_mae=0.17637 vs_mae=0.08933 rho_mae=0.06040
[Step 00024800] epoch=016 batch=01355/01563 loss=0.347053 flow=0.278901 rec=0.135124 slope=0.009318 curv=0.012412 mae=0.12157 vp_mae=0.20203 vs_mae=0.09411 rho_mae=0.06856
[Step 00024900] epoch=016 batch=01455/01563 loss=0.334496 flow=0.287379 rec=0.093161 slope=0.008485 curv=0.011198 mae=0.09664 vp_mae=0.16277 vs_mae=0.07413 rho_mae=0.05301
[Step 00025000] epoch=016 batch=01555/01563 loss=0.345043 flow=0.286796 rec=0.115264 slope=0.009780 curv=0.012550 mae=0.11210 vp_mae=0.19122 vs_mae=0.08141 rho_mae=0.06366
[Epoch 016/024] time=535.6s lr=5.08e-05 | train: loss=0.33780, flow=0.28154, rec=0.11134, mae=0.1099, vp=0.1831, vs=0.0845, rho=0.0620 | val: loss=0.30032, flow=0.24813, rec=0.10341, slope=0.00775, curv=0.00933, sample_mae=0.1865, sample_vp=0.3207, sample_vs=0.1304, sample_rho=0.1086
  -> Best model saved to /Users/yuziye/Documents/GitHub/physical-sensitivity-kernels/ckpt/fair_di_strong_full_seed642026/best.pt
[Step 00025100] epoch=017 batch=00092/01563 loss=0.330373 flow=0.281284 rec=0.097010 slope=0.009143 curv=0.012702 mae=0.10015 vp_mae=0.16513 vs_mae=0.07930 rho_mae=0.05602
[Step 00025200] epoch=017 batch=00192/01563 loss=0.317036 flow=0.269356 rec=0.094199 slope=0.009173 curv=0.012181 mae=0.10299 vp_mae=0.17149 vs_mae=0.08111 rho_mae=0.05637
[Step 00025300] epoch=017 batch=00292/01563 loss=0.299989 flow=0.244270 rec=0.110335 slope=0.008685 curv=0.011717 mae=0.10850 vp_mae=0.17921 vs_mae=0.08555 rho_mae=0.06074
[Step 00025400] epoch=017 batch=00392/01563 loss=0.372314 flow=0.302830 rec=0.137690 slope=0.010211 curv=0.012795 mae=0.12522 vp_mae=0.20651 vs_mae=0.09824 rho_mae=0.07091
[Step 00025500] epoch=017 batch=00492/01563 loss=0.340727 flow=0.288680 rec=0.102844 slope=0.009779 curv=0.013594 mae=0.10344 vp_mae=0.17464 vs_mae=0.07881 rho_mae=0.05687
[Step 00025600] epoch=017 batch=00592/01563 loss=0.357133 flow=0.290482 rec=0.132025 slope=0.010163 curv=0.013020 mae=0.12040 vp_mae=0.20226 vs_mae=0.09059 rho_mae=0.06835
[Step 00025700] epoch=017 batch=00692/01563 loss=0.328482 flow=0.275424 rec=0.105042 slope=0.008514 curv=0.011109 mae=0.10314 vp_mae=0.16579 vs_mae=0.08621 rho_mae=0.05742
[Step 00025800] epoch=017 batch=00792/01563 loss=0.336073 flow=0.281963 rec=0.107126 slope=0.008682 curv=0.011279 mae=0.10526 vp_mae=0.17268 vs_mae=0.08617 rho_mae=0.05691
[Step 00025900] epoch=017 batch=00892/01563 loss=0.331187 flow=0.281203 rec=0.098893 slope=0.008394 curv=0.011788 mae=0.10360 vp_mae=0.17593 vs_mae=0.07552 rho_mae=0.05937
[Step 00026000] epoch=017 batch=00992/01563 loss=0.325477 flow=0.268710 rec=0.112366 slope=0.009152 curv=0.012660 mae=0.11300 vp_mae=0.19021 vs_mae=0.08352 rho_mae=0.06528
[Step 00026100] epoch=017 batch=01092/01563 loss=0.322947 flow=0.269674 rec=0.105421 slope=0.008879 curv=0.011860 mae=0.10617 vp_mae=0.17205 vs_mae=0.08611 rho_mae=0.06036
[Step 00026200] epoch=017 batch=01192/01563 loss=0.345450 flow=0.283629 rec=0.122378 slope=0.009998 curv=0.013230 mae=0.11889 vp_mae=0.19850 vs_mae=0.09129 rho_mae=0.06689
[Step 00026300] epoch=017 batch=01292/01563 loss=0.316657 flow=0.272104 rec=0.087970 slope=0.008911 curv=0.012222 mae=0.09762 vp_mae=0.16419 vs_mae=0.07355 rho_mae=0.05513
[Step 00026400] epoch=017 batch=01392/01563 loss=0.343069 flow=0.299982 rec=0.085093 slope=0.008498 curv=0.011560 mae=0.09271 vp_mae=0.15669 vs_mae=0.07134 rho_mae=0.05010
[Step 00026500] epoch=017 batch=01492/01563 loss=0.323899 flow=0.263232 rec=0.120127 slope=0.009641 curv=0.012135 mae=0.11623 vp_mae=0.19375 vs_mae=0.09030 rho_mae=0.06465
[Epoch 017/024] time=531.7s lr=3.99e-05 | train: loss=0.33421, flow=0.27858, rec=0.11008, mae=0.1091, vp=0.1819, vs=0.0838, rho=0.0617 | val: loss=0.29627, flow=0.24528, rec=0.10103, slope=0.00767, curv=0.00928, sample_mae=0.1862, sample_vp=0.3203, sample_vs=0.1300, sample_rho=0.1084
  -> Best model saved to /Users/yuziye/Documents/GitHub/physical-sensitivity-kernels/ckpt/fair_di_strong_full_seed642026/best.pt
[Step 00026600] epoch=018 batch=00029/01563 loss=0.341153 flow=0.282376 rec=0.116339 slope=0.009620 curv=0.012637 mae=0.11080 vp_mae=0.18088 vs_mae=0.08971 rho_mae=0.06182
[Step 00026700] epoch=018 batch=00129/01563 loss=0.319837 flow=0.279340 rec=0.079839 slope=0.009092 curv=0.012267 mae=0.09279 vp_mae=0.15441 vs_mae=0.07117 rho_mae=0.05278
[Step 00026800] epoch=018 batch=00229/01563 loss=0.338933 flow=0.278444 rec=0.119777 slope=0.009462 curv=0.012825 mae=0.11534 vp_mae=0.19020 vs_mae=0.09158 rho_mae=0.06422
[Step 00026900] epoch=018 batch=00329/01563 loss=0.344339 flow=0.297843 rec=0.091944 slope=0.008286 curv=0.010932 mae=0.09636 vp_mae=0.16005 vs_mae=0.07400 rho_mae=0.05504
[Step 00027000] epoch=018 batch=00429/01563 loss=0.332315 flow=0.283426 rec=0.096647 slope=0.008919 curv=0.011862 mae=0.10119 vp_mae=0.17389 vs_mae=0.07235 rho_mae=0.05733
[Step 00027100] epoch=018 batch=00529/01563 loss=0.309324 flow=0.250849 rec=0.115724 slope=0.009636 curv=0.013111 mae=0.11472 vp_mae=0.19573 vs_mae=0.08130 rho_mae=0.06714
[Step 00027200] epoch=018 batch=00629/01563 loss=0.318956 flow=0.268981 rec=0.098862 slope=0.008481 curv=0.011973 mae=0.10258 vp_mae=0.17679 vs_mae=0.07137 rho_mae=0.05958
[Step 00027300] epoch=018 batch=00729/01563 loss=0.349850 flow=0.288862 rec=0.120817 slope=0.009114 curv=0.012386 mae=0.11581 vp_mae=0.19095 vs_mae=0.09228 rho_mae=0.06419
[Step 00027400] epoch=018 batch=00829/01563 loss=0.334352 flow=0.273608 rec=0.120199 slope=0.010158 curv=0.013615 mae=0.11815 vp_mae=0.19767 vs_mae=0.08978 rho_mae=0.06701
[Step 00027500] epoch=018 batch=00929/01563 loss=0.350240 flow=0.299018 rec=0.101345 slope=0.008704 curv=0.011446 mae=0.10260 vp_mae=0.16918 vs_mae=0.08058 rho_mae=0.05802
[Step 00027600] epoch=018 batch=01029/01563 loss=0.313531 flow=0.269862 rec=0.086232 slope=0.008739 curv=0.011558 mae=0.09562 vp_mae=0.15620 vs_mae=0.07750 rho_mae=0.05316
[Step 00027700] epoch=018 batch=01129/01563 loss=0.361866 flow=0.296709 rec=0.129105 slope=0.009501 curv=0.012949 mae=0.11948 vp_mae=0.20382 vs_mae=0.08559 rho_mae=0.06901
[Step 00027800] epoch=018 batch=01229/01563 loss=0.359514 flow=0.298463 rec=0.120911 slope=0.009458 curv=0.012224 mae=0.11481 vp_mae=0.19168 vs_mae=0.08693 rho_mae=0.06581
[Step 00027900] epoch=018 batch=01329/01563 loss=0.341016 flow=0.296303 rec=0.088375 slope=0.008234 curv=0.011440 mae=0.09055 vp_mae=0.14580 vs_mae=0.07435 rho_mae=0.05149
[Step 00028000] epoch=018 batch=01429/01563 loss=0.320182 flow=0.262596 rec=0.114030 slope=0.008981 curv=0.012183 mae=0.11139 vp_mae=0.18505 vs_mae=0.08604 rho_mae=0.06308
[Step 00028100] epoch=018 batch=01529/01563 loss=0.322188 flow=0.271773 rec=0.099688 slope=0.008997 curv=0.012077 mae=0.10261 vp_mae=0.17336 vs_mae=0.07453 rho_mae=0.05995
[Epoch 018/024] time=531.6s lr=3.01e-05 | train: loss=0.33243, flow=0.27743, rec=0.10882, mae=0.1083, vp=0.1809, vs=0.0828, rho=0.0613 | val: loss=0.29541, flow=0.24664, rec=0.09659, slope=0.00760, curv=0.00921, sample_mae=0.1860, sample_vp=0.3186, sample_vs=0.1318, sample_rho=0.1077
  -> Best model saved to /Users/yuziye/Documents/GitHub/physical-sensitivity-kernels/ckpt/fair_di_strong_full_seed642026/best.pt
[Step 00028200] epoch=019 batch=00066/01563 loss=0.334266 flow=0.287060 rec=0.093290 slope=0.008789 curv=0.012090 mae=0.09683 vp_mae=0.16346 vs_mae=0.07360 rho_mae=0.05342
[Step 00028300] epoch=019 batch=00166/01563 loss=0.318871 flow=0.264932 rec=0.106704 slope=0.009193 curv=0.012685 mae=0.10705 vp_mae=0.17456 vs_mae=0.08710 rho_mae=0.05948
[Step 00028400] epoch=019 batch=00266/01563 loss=0.341026 flow=0.286278 rec=0.108340 slope=0.009115 curv=0.012165 mae=0.10812 vp_mae=0.18027 vs_mae=0.08171 rho_mae=0.06238
[Step 00028500] epoch=019 batch=00366/01563 loss=0.334695 flow=0.274335 rec=0.119618 slope=0.008721 curv=0.011460 mae=0.11292 vp_mae=0.18684 vs_mae=0.08838 rho_mae=0.06355
[Step 00028600] epoch=019 batch=00466/01563 loss=0.318078 flow=0.260494 rec=0.113884 slope=0.010159 curv=0.013363 mae=0.11573 vp_mae=0.19137 vs_mae=0.09139 rho_mae=0.06443
[Step 00028700] epoch=019 batch=00566/01563 loss=0.330998 flow=0.274469 rec=0.111933 slope=0.008868 curv=0.011861 mae=0.11226 vp_mae=0.18696 vs_mae=0.08588 rho_mae=0.06394
[Step 00028800] epoch=019 batch=00666/01563 loss=0.307074 flow=0.257857 rec=0.097274 slope=0.009182 curv=0.012133 mae=0.10426 vp_mae=0.17314 vs_mae=0.08048 rho_mae=0.05917
[Step 00028900] epoch=019 batch=00766/01563 loss=0.309507 flow=0.251203 rec=0.115484 slope=0.008801 curv=0.012131 mae=0.10976 vp_mae=0.17998 vs_mae=0.08691 rho_mae=0.06240
[Step 00029000] epoch=019 batch=00866/01563 loss=0.330795 flow=0.272046 rec=0.116335 slope=0.009213 curv=0.012051 mae=0.11270 vp_mae=0.18761 vs_mae=0.08511 rho_mae=0.06539
[Step 00029100] epoch=019 batch=00966/01563 loss=0.317232 flow=0.269599 rec=0.094122 slope=0.009010 curv=0.012178 mae=0.09888 vp_mae=0.16305 vs_mae=0.07811 rho_mae=0.05549
[Step 00029200] epoch=019 batch=01066/01563 loss=0.333016 flow=0.280942 rec=0.102998 slope=0.009128 curv=0.011801 mae=0.10580 vp_mae=0.17685 vs_mae=0.08082 rho_mae=0.05972
[Step 00029300] epoch=019 batch=01166/01563 loss=0.329211 flow=0.278264 rec=0.100731 slope=0.009175 curv=0.012331 mae=0.10373 vp_mae=0.17330 vs_mae=0.08086 rho_mae=0.05703
[Step 00029400] epoch=019 batch=01266/01563 loss=0.335718 flow=0.285314 rec=0.099674 slope=0.008959 curv=0.011919 mae=0.10411 vp_mae=0.17599 vs_mae=0.07656 rho_mae=0.05979
[Step 00029500] epoch=019 batch=01366/01563 loss=0.365760 flow=0.299592 rec=0.131150 slope=0.009419 curv=0.012228 mae=0.11831 vp_mae=0.19668 vs_mae=0.09140 rho_mae=0.06684
[Step 00029600] epoch=019 batch=01466/01563 loss=0.323920 flow=0.273699 rec=0.099292 slope=0.009145 curv=0.011777 mae=0.10198 vp_mae=0.17209 vs_mae=0.07489 rho_mae=0.05896
[Epoch 019/024] time=534.4s lr=2.16e-05 | train: loss=0.32971, flow=0.27514, rec=0.10797, mae=0.1078, vp=0.1801, vs=0.0823, rho=0.0611 | val: loss=0.29491, flow=0.24575, rec=0.09739, slope=0.00762, curv=0.00919, sample_mae=0.1829, sample_vp=0.3138, sample_vs=0.1289, sample_rho=0.1059
  -> Best model saved to /Users/yuziye/Documents/GitHub/physical-sensitivity-kernels/ckpt/fair_di_strong_full_seed642026/best.pt
[Step 00029700] epoch=020 batch=00003/01563 loss=0.347554 flow=0.285413 rec=0.123104 slope=0.009388 curv=0.011986 mae=0.11884 vp_mae=0.19524 vs_mae=0.09320 rho_mae=0.06808
[Step 00029800] epoch=020 batch=00103/01563 loss=0.355916 flow=0.300620 rec=0.109370 slope=0.009609 curv=0.013064 mae=0.10795 vp_mae=0.17856 vs_mae=0.08544 rho_mae=0.05983
[Step 00029900] epoch=020 batch=00203/01563 loss=0.312367 flow=0.274712 rec=0.074207 slope=0.008705 curv=0.011677 mae=0.08618 vp_mae=0.14466 vs_mae=0.06462 rho_mae=0.04925
[Step 00030000] epoch=020 batch=00303/01563 loss=0.334629 flow=0.278231 rec=0.111652 slope=0.009075 curv=0.011778 mae=0.10793 vp_mae=0.17943 vs_mae=0.08297 rho_mae=0.06140
[Step 00030100] epoch=020 batch=00403/01563 loss=0.319357 flow=0.269929 rec=0.097723 slope=0.008888 curv=0.012215 mae=0.10275 vp_mae=0.17791 vs_mae=0.07154 rho_mae=0.05881
[Step 00030200] epoch=020 batch=00503/01563 loss=0.336911 flow=0.271807 rec=0.129020 slope=0.009411 curv=0.012396 mae=0.11915 vp_mae=0.19887 vs_mae=0.09136 rho_mae=0.06721
[Step 00030300] epoch=020 batch=00603/01563 loss=0.301369 flow=0.254311 rec=0.093012 slope=0.008767 curv=0.011405 mae=0.09850 vp_mae=0.16431 vs_mae=0.07461 rho_mae=0.05657
[Step 00030400] epoch=020 batch=00703/01563 loss=0.358980 flow=0.304350 rec=0.108079 slope=0.009278 curv=0.012644 mae=0.10868 vp_mae=0.17780 vs_mae=0.08853 rho_mae=0.05972
[Step 00030500] epoch=020 batch=00803/01563 loss=0.330390 flow=0.274452 rec=0.110616 slope=0.009988 curv=0.013062 mae=0.10987 vp_mae=0.18397 vs_mae=0.08258 rho_mae=0.06305
[Step 00030600] epoch=020 batch=00903/01563 loss=0.361446 flow=0.297530 rec=0.126608 slope=0.009724 curv=0.012588 mae=0.11619 vp_mae=0.19716 vs_mae=0.08384 rho_mae=0.06757
[Step 00030700] epoch=020 batch=01003/01563 loss=0.329574 flow=0.276557 rec=0.104894 slope=0.009013 curv=0.011896 mae=0.10835 vp_mae=0.18054 vs_mae=0.08260 rho_mae=0.06192
[Step 00030800] epoch=020 batch=01103/01563 loss=0.325885 flow=0.272992 rec=0.104634 slope=0.009189 curv=0.011635 mae=0.10666 vp_mae=0.18052 vs_mae=0.07727 rho_mae=0.06220
[Step 00030900] epoch=020 batch=01203/01563 loss=0.330935 flow=0.287850 rec=0.085001 slope=0.009205 curv=0.012449 mae=0.09542 vp_mae=0.16002 vs_mae=0.07342 rho_mae=0.05282
[Step 00031000] epoch=020 batch=01303/01563 loss=0.335376 flow=0.278702 rec=0.112115 slope=0.009846 curv=0.012385 mae=0.11140 vp_mae=0.18808 vs_mae=0.08306 rho_mae=0.06306
[Step 00031100] epoch=020 batch=01403/01563 loss=0.322327 flow=0.276169 rec=0.091179 slope=0.008998 curv=0.011826 mae=0.09968 vp_mae=0.16398 vs_mae=0.07969 rho_mae=0.05538
[Step 00031200] epoch=020 batch=01503/01563 loss=0.300286 flow=0.253092 rec=0.093306 slope=0.008452 curv=0.011789 mae=0.10137 vp_mae=0.17114 vs_mae=0.07594 rho_mae=0.05703
[Epoch 020/024] time=530.3s lr=1.43e-05 | train: loss=0.32745, flow=0.27330, rec=0.10713, mae=0.1074, vp=0.1795, vs=0.0819, rho=0.0608 | val: loss=0.28768, flow=0.23919, rec=0.09603, slope=0.00756, curv=0.00916, sample_mae=0.1833, sample_vp=0.3156, sample_vs=0.1273, sample_rho=0.1069
  -> Best model saved to /Users/yuziye/Documents/GitHub/physical-sensitivity-kernels/ckpt/fair_di_strong_full_seed642026/best.pt
[Step 00031300] epoch=021 batch=00040/01563 loss=0.286754 flow=0.243431 rec=0.085560 slope=0.008594 curv=0.011273 mae=0.09515 vp_mae=0.15711 vs_mae=0.07519 rho_mae=0.05315
[Step 00031400] epoch=021 batch=00140/01563 loss=0.317002 flow=0.266258 rec=0.100357 slope=0.008912 curv=0.012002 mae=0.10384 vp_mae=0.17110 vs_mae=0.08150 rho_mae=0.05893
[Step 00031500] epoch=021 batch=00240/01563 loss=0.311717 flow=0.261961 rec=0.098343 slope=0.009256 curv=0.012211 mae=0.10095 vp_mae=0.16558 vs_mae=0.08163 rho_mae=0.05565
[Step 00031600] epoch=021 batch=00340/01563 loss=0.315284 flow=0.271366 rec=0.086699 slope=0.008928 curv=0.012235 mae=0.09560 vp_mae=0.15979 vs_mae=0.07429 rho_mae=0.05273
[Step 00031700] epoch=021 batch=00440/01563 loss=0.323362 flow=0.268466 rec=0.108712 slope=0.008486 curv=0.011647 mae=0.10858 vp_mae=0.18316 vs_mae=0.08141 rho_mae=0.06116
[Step 00031800] epoch=021 batch=00540/01563 loss=0.332681 flow=0.273710 rec=0.116703 slope=0.009904 curv=0.012412 mae=0.11448 vp_mae=0.19209 vs_mae=0.08630 rho_mae=0.06506
[Step 00031900] epoch=021 batch=00640/01563 loss=0.332024 flow=0.280131 rec=0.102550 slope=0.009641 curv=0.013563 mae=0.10640 vp_mae=0.18243 vs_mae=0.07845 rho_mae=0.05832
[Step 00032000] epoch=021 batch=00740/01563 loss=0.349510 flow=0.297975 rec=0.101893 slope=0.009388 curv=0.011810 mae=0.10434 vp_mae=0.16958 vs_mae=0.08790 rho_mae=0.05556
[Step 00032100] epoch=021 batch=00840/01563 loss=0.294791 flow=0.248001 rec=0.092449 slope=0.008940 curv=0.011849 mae=0.09997 vp_mae=0.16750 vs_mae=0.07624 rho_mae=0.05616
[Step 00032200] epoch=021 batch=00940/01563 loss=0.326341 flow=0.269431 rec=0.112707 slope=0.008730 curv=0.011978 mae=0.10922 vp_mae=0.18318 vs_mae=0.08241 rho_mae=0.06207
[Step 00032300] epoch=021 batch=01040/01563 loss=0.291400 flow=0.249935 rec=0.081859 slope=0.008402 curv=0.011559 mae=0.09253 vp_mae=0.15510 vs_mae=0.07271 rho_mae=0.04977
[Step 00032400] epoch=021 batch=01140/01563 loss=0.341105 flow=0.289047 rec=0.103031 slope=0.008532 curv=0.011668 mae=0.10237 vp_mae=0.17139 vs_mae=0.07695 rho_mae=0.05876
[Step 00032500] epoch=021 batch=01240/01563 loss=0.313431 flow=0.263062 rec=0.099598 slope=0.008896 curv=0.012477 mae=0.10279 vp_mae=0.17610 vs_mae=0.07456 rho_mae=0.05772
[Step 00032600] epoch=021 batch=01340/01563 loss=0.316063 flow=0.268883 rec=0.093254 slope=0.008652 curv=0.012031 mae=0.09864 vp_mae=0.16596 vs_mae=0.07316 rho_mae=0.05680
[Step 00032700] epoch=021 batch=01440/01563 loss=0.377420 flow=0.314996 rec=0.123626 slope=0.009656 curv=0.012822 mae=0.11878 vp_mae=0.19630 vs_mae=0.09487 rho_mae=0.06516
[Step 00032800] epoch=021 batch=01540/01563 loss=0.336867 flow=0.276359 rec=0.119837 slope=0.009389 curv=0.011945 mae=0.11337 vp_mae=0.18893 vs_mae=0.08731 rho_mae=0.06387
[Epoch 021/024] time=529.7s lr=8.57e-06 | train: loss=0.32623, flow=0.27259, rec=0.10611, mae=0.1068, vp=0.1785, vs=0.0814, rho=0.0605 | val: loss=0.29062, flow=0.24161, rec=0.09708, slope=0.00763, curv=0.00920, sample_mae=0.1833, sample_vp=0.3159, sample_vs=0.1270, sample_rho=0.1071
[Step 00032900] epoch=022 batch=00077/01563 loss=0.322210 flow=0.269374 rec=0.104579 slope=0.008603 curv=0.011686 mae=0.10357 vp_mae=0.17411 vs_mae=0.07820 rho_mae=0.05840
[Step 00033000] epoch=022 batch=00177/01563 loss=0.311056 flow=0.257943 rec=0.105064 slope=0.009188 curv=0.012172 mae=0.10646 vp_mae=0.17963 vs_mae=0.07862 rho_mae=0.06111
[Step 00033100] epoch=022 batch=00277/01563 loss=0.328586 flow=0.279681 rec=0.096555 slope=0.009865 curv=0.013393 mae=0.10069 vp_mae=0.16970 vs_mae=0.07673 rho_mae=0.05565
[Step 00033200] epoch=022 batch=00377/01563 loss=0.319374 flow=0.271043 rec=0.095504 slope=0.009112 curv=0.012310 mae=0.10051 vp_mae=0.16643 vs_mae=0.07630 rho_mae=0.05881
[Step 00033300] epoch=022 batch=00477/01563 loss=0.334316 flow=0.277340 rec=0.112698 slope=0.009971 curv=0.012758 mae=0.11361 vp_mae=0.19383 vs_mae=0.08272 rho_mae=0.06428
[Step 00033400] epoch=022 batch=00577/01563 loss=0.340784 flow=0.285173 rec=0.110032 slope=0.009419 curv=0.012459 mae=0.10764 vp_mae=0.17825 vs_mae=0.08377 rho_mae=0.06091
[Step 00033500] epoch=022 batch=00677/01563 loss=0.356721 flow=0.288510 rec=0.135204 slope=0.009680 curv=0.012463 mae=0.12159 vp_mae=0.20364 vs_mae=0.09111 rho_mae=0.07001
[Step 00033600] epoch=022 batch=00777/01563 loss=0.322870 flow=0.271114 rec=0.102329 slope=0.009224 curv=0.013024 mae=0.10468 vp_mae=0.17502 vs_mae=0.07765 rho_mae=0.06136
[Step 00033700] epoch=022 batch=00877/01563 loss=0.330395 flow=0.278171 rec=0.103391 slope=0.008324 curv=0.011200 mae=0.10413 vp_mae=0.17446 vs_mae=0.07785 rho_mae=0.06006
[Step 00033800] epoch=022 batch=00977/01563 loss=0.311562 flow=0.267034 rec=0.087994 slope=0.008332 curv=0.011506 mae=0.09390 vp_mae=0.15766 vs_mae=0.06938 rho_mae=0.05465
[Step 00033900] epoch=022 batch=01077/01563 loss=0.316488 flow=0.267622 rec=0.096565 slope=0.009251 curv=0.012146 mae=0.10273 vp_mae=0.17162 vs_mae=0.07850 rho_mae=0.05807
[Step 00034000] epoch=022 batch=01177/01563 loss=0.324220 flow=0.273007 rec=0.101173 slope=0.009996 curv=0.012702 mae=0.10641 vp_mae=0.17884 vs_mae=0.08035 rho_mae=0.06004
[Step 00034100] epoch=022 batch=01277/01563 loss=0.287032 flow=0.245376 rec=0.082201 slope=0.008836 curv=0.011405 mae=0.09453 vp_mae=0.15580 vs_mae=0.07626 rho_mae=0.05153
[Step 00034200] epoch=022 batch=01377/01563 loss=0.324102 flow=0.271702 rec=0.103742 slope=0.008348 curv=0.011080 mae=0.10491 vp_mae=0.17408 vs_mae=0.07994 rho_mae=0.06071
[Step 00034300] epoch=022 batch=01477/01563 loss=0.319815 flow=0.266018 rec=0.106386 slope=0.009497 curv=0.012880 mae=0.10584 vp_mae=0.17336 vs_mae=0.08475 rho_mae=0.05940
[Epoch 022/024] time=529.7s lr=4.39e-06 | train: loss=0.32474, flow=0.27097, rec=0.10639, mae=0.1069, vp=0.1789, vs=0.0813, rho=0.0606 | val: loss=0.28860, flow=0.23921, rec=0.09784, slope=0.00753, curv=0.00912, sample_mae=0.1833, sample_vp=0.3156, sample_vs=0.1276, sample_rho=0.1068
[Step 00034400] epoch=023 batch=00014/01563 loss=0.363227 flow=0.309122 rec=0.107145 slope=0.008425 curv=0.011181 mae=0.10512 vp_mae=0.17196 vs_mae=0.08384 rho_mae=0.05954
[Step 00034500] epoch=023 batch=00114/01563 loss=0.333537 flow=0.270229 rec=0.125505 slope=0.008752 curv=0.011792 mae=0.11699 vp_mae=0.19452 vs_mae=0.08963 rho_mae=0.06682
[Step 00034600] epoch=023 batch=00214/01563 loss=0.311973 flow=0.263433 rec=0.095981 slope=0.008693 curv=0.011489 mae=0.09843 vp_mae=0.16552 vs_mae=0.07295 rho_mae=0.05683
[Step 00034700] epoch=023 batch=00314/01563 loss=0.310580 flow=0.266687 rec=0.086724 slope=0.008412 curv=0.011094 mae=0.09714 vp_mae=0.15946 vs_mae=0.07695 rho_mae=0.05500
[Step 00034800] epoch=023 batch=00414/01563 loss=0.336367 flow=0.283455 rec=0.104719 slope=0.008755 curv=0.011555 mae=0.10272 vp_mae=0.16938 vs_mae=0.08100 rho_mae=0.05778
[Step 00034900] epoch=023 batch=00514/01563 loss=0.316756 flow=0.265089 rec=0.102138 slope=0.009472 curv=0.012467 mae=0.10677 vp_mae=0.17653 vs_mae=0.08267 rho_mae=0.06109
[Step 00035000] epoch=023 batch=00614/01563 loss=0.308039 flow=0.258383 rec=0.098255 slope=0.008240 curv=0.011582 mae=0.10438 vp_mae=0.17617 vs_mae=0.07566 rho_mae=0.06132
[Step 00035100] epoch=023 batch=00714/01563 loss=0.366929 flow=0.312494 rec=0.107755 slope=0.008771 curv=0.011886 mae=0.10443 vp_mae=0.17876 vs_mae=0.07498 rho_mae=0.05954
[Step 00035200] epoch=023 batch=00814/01563 loss=0.313882 flow=0.260481 rec=0.105649 slope=0.009067 curv=0.012258 mae=0.10781 vp_mae=0.18051 vs_mae=0.08324 rho_mae=0.05967
[Step 00035300] epoch=023 batch=00914/01563 loss=0.293025 flow=0.245601 rec=0.093728 slope=0.008813 curv=0.011968 mae=0.09896 vp_mae=0.16864 vs_mae=0.07323 rho_mae=0.05501
[Step 00035400] epoch=023 batch=01014/01563 loss=0.303945 flow=0.256841 rec=0.093135 slope=0.008416 curv=0.011564 mae=0.10004 vp_mae=0.16673 vs_mae=0.07567 rho_mae=0.05773
[Step 00035500] epoch=023 batch=01114/01563 loss=0.337172 flow=0.290427 rec=0.092358 slope=0.008897 curv=0.012077 mae=0.09993 vp_mae=0.16207 vs_mae=0.08381 rho_mae=0.05390
[Step 00035600] epoch=023 batch=01214/01563 loss=0.333595 flow=0.283460 rec=0.099044 slope=0.009688 curv=0.012815 mae=0.10393 vp_mae=0.17249 vs_mae=0.08331 rho_mae=0.05601
[Step 00035700] epoch=023 batch=01314/01563 loss=0.292236 flow=0.240112 rec=0.103121 slope=0.008827 curv=0.012157 mae=0.10473 vp_mae=0.17739 vs_mae=0.07772 rho_mae=0.05909
[Step 00035800] epoch=023 batch=01414/01563 loss=0.310908 flow=0.269626 rec=0.081504 slope=0.008437 curv=0.010880 mae=0.09103 vp_mae=0.15486 vs_mae=0.06701 rho_mae=0.05121
[Step 00035900] epoch=023 batch=01514/01563 loss=0.299529 flow=0.261754 rec=0.074487 slope=0.008363 curv=0.011275 mae=0.08772 vp_mae=0.14468 vs_mae=0.06976 rho_mae=0.04873
[Epoch 023/024] time=532.3s lr=1.85e-06 | train: loss=0.32433, flow=0.27094, rec=0.10562, mae=0.1065, vp=0.1781, vs=0.0809, rho=0.0604 | val: loss=0.29101, flow=0.24193, rec=0.09719, slope=0.00763, curv=0.00920, sample_mae=0.1801, sample_vp=0.3110, sample_vs=0.1242, sample_rho=0.1050
[Step 00036000] epoch=024 batch=00051/01563 loss=0.336397 flow=0.287867 rec=0.095915 slope=0.009083 curv=0.011864 mae=0.10090 vp_mae=0.17029 vs_mae=0.07617 rho_mae=0.05623
[Step 00036100] epoch=024 batch=00151/01563 loss=0.314101 flow=0.268150 rec=0.090729 slope=0.009205 curv=0.012602 mae=0.09974 vp_mae=0.17080 vs_mae=0.07130 rho_mae=0.05713
[Step 00036200] epoch=024 batch=00251/01563 loss=0.362572 flow=0.302256 rec=0.119449 slope=0.009371 curv=0.012363 mae=0.11365 vp_mae=0.19283 vs_mae=0.08329 rho_mae=0.06482
[Step 00036300] epoch=024 batch=00351/01563 loss=0.338126 flow=0.285846 rec=0.103422 slope=0.009016 curv=0.011780 mae=0.10461 vp_mae=0.17617 vs_mae=0.07765 rho_mae=0.06000
[Step 00036400] epoch=024 batch=00451/01563 loss=0.301467 flow=0.253544 rec=0.094718 slope=0.008906 curv=0.011915 mae=0.10008 vp_mae=0.16636 vs_mae=0.07895 rho_mae=0.05492
[Step 00036500] epoch=024 batch=00551/01563 loss=0.317880 flow=0.269301 rec=0.096055 slope=0.008727 curv=0.011507 mae=0.09932 vp_mae=0.16545 vs_mae=0.07466 rho_mae=0.05786
[Step 00036600] epoch=024 batch=00651/01563 loss=0.316058 flow=0.248457 rec=0.133969 slope=0.009824 curv=0.012444 mae=0.12306 vp_mae=0.20181 vs_mae=0.09655 rho_mae=0.07081
[Step 00036700] epoch=024 batch=00751/01563 loss=0.302098 flow=0.253380 rec=0.096240 slope=0.009559 curv=0.012061 mae=0.10110 vp_mae=0.16728 vs_mae=0.07966 rho_mae=0.05636
[Step 00036800] epoch=024 batch=00851/01563 loss=0.303027 flow=0.245963 rec=0.112972 slope=0.009134 curv=0.012037 mae=0.11103 vp_mae=0.18426 vs_mae=0.08432 rho_mae=0.06452
[Step 00036900] epoch=024 batch=00951/01563 loss=0.341961 flow=0.291329 rec=0.100049 slope=0.009664 curv=0.012485 mae=0.10362 vp_mae=0.17552 vs_mae=0.07712 rho_mae=0.05823
[Step 00037000] epoch=024 batch=01051/01563 loss=0.300538 flow=0.251984 rec=0.095870 slope=0.009790 curv=0.012888 mae=0.10388 vp_mae=0.17359 vs_mae=0.07861 rho_mae=0.05944
[Step 00037100] epoch=024 batch=01151/01563 loss=0.316593 flow=0.266593 rec=0.098836 slope=0.009193 curv=0.012279 mae=0.10414 vp_mae=0.17666 vs_mae=0.07597 rho_mae=0.05978
[Step 00037200] epoch=024 batch=01251/01563 loss=0.350838 flow=0.287231 rec=0.126031 slope=0.009332 curv=0.012566 mae=0.11721 vp_mae=0.19689 vs_mae=0.08705 rho_mae=0.06767
[Step 00037300] epoch=024 batch=01351/01563 loss=0.319357 flow=0.266969 rec=0.103703 slope=0.008499 curv=0.011198 mae=0.10372 vp_mae=0.17204 vs_mae=0.08095 rho_mae=0.05818
[Step 00037400] epoch=024 batch=01451/01563 loss=0.307078 flow=0.253631 rec=0.105731 slope=0.009224 curv=0.011964 mae=0.10862 vp_mae=0.18119 vs_mae=0.08417 rho_mae=0.06050
[Step 00037500] epoch=024 batch=01551/01563 loss=0.311186 flow=0.260564 rec=0.100128 slope=0.008814 curv=0.011730 mae=0.10333 vp_mae=0.17328 vs_mae=0.07785 rho_mae=0.05886
[Epoch 024/024] time=528.4s lr=1.00e-06 | train: loss=0.32405, flow=0.27069, rec=0.10557, mae=0.1064, vp=0.1781, vs=0.0808, rho=0.0604 | val: loss=0.29028, flow=0.24099, rec=0.09763, slope=0.00760, curv=0.00919, sample_mae=0.1802, sample_vp=0.3112, sample_vs=0.1243, sample_rho=0.1051
========== Disp2Struct Control-Point CRF v1.3 Training Done ==========
Best score: 0.287678
[done] Fair DI-Strong checkpoint directory: /Users/yuziye/Documents/GitHub/physical-sensitivity-kernels/ckpt/fair_di_strong_full_seed642026
[2026-06-06 21:12:40] END train_fair_strong_full

[2026-06-06 21:12:40] BEGIN train_fair_weak_full
Device: mps
Estimating normalization stats from 64 training batches...
/Users/yuziye/Documents/GitHub/physical-sensitivity-kernels/disp_inv_train.v1.3.py:1407: FutureWarning: `torch.cuda.amp.GradScaler(args...)` is deprecated. Please use `torch.amp.GradScaler('cuda', args...)` instead.
  scaler = torch.cuda.amp.GradScaler(enabled=(cfg.use_amp and device.type == "cuda"))
========== Disp2Struct Control-Point CRF v1.3 Training Start ==========
H/T/Nc        : 256/59/28
period range  : 2.00 - 60.00 s
mask augment  : enabled=True, val=True
mask presets  : ((2.0, 40.0), (10.0, 30.0), (5.0, 35.0), (15.0, 45.0)), preset_prob=0.65
random window : 15.0-45.0 s, holes<= 6, point_drop=0.040
params        : 4263188
train batches : 1563
val batches   : 32
save_dir      : /Users/yuziye/Documents/GitHub/physical-sensitivity-kernels/ckpt/fair_di_weak_full_seed642026
/Users/yuziye/Documents/GitHub/physical-sensitivity-kernels/disp_inv_train.v1.3.py:1064: FutureWarning: `torch.cuda.amp.autocast(args...)` is deprecated. Please use `torch.amp.autocast('cuda', args...)` instead.
  with torch.cuda.amp.autocast(enabled=(use_amp and device.type == "cuda")):
[Step 00000100] epoch=001 batch=00100/01563 loss=0.675059 flow=0.559590 rec=0.228944 slope=0.015832 curv=0.020582 mae=0.22241 vp_mae=0.36255 vs_mae=0.21755 rho_mae=0.08713
[Step 00000200] epoch=001 batch=00200/01563 loss=0.605533 flow=0.501539 rec=0.206703 slope=0.010260 curv=0.012883 mae=0.20671 vp_mae=0.33927 vs_mae=0.19513 rho_mae=0.08573
[Step 00000300] epoch=001 batch=00300/01563 loss=0.596843 flow=0.488339 rec=0.215857 slope=0.009400 curv=0.010586 mae=0.21447 vp_mae=0.35440 vs_mae=0.20095 rho_mae=0.08807
[Step 00000400] epoch=001 batch=00400/01563 loss=0.552374 flow=0.444347 rec=0.215008 slope=0.008440 curv=0.010152 mae=0.20786 vp_mae=0.33719 vs_mae=0.19977 rho_mae=0.08661
[Step 00000500] epoch=001 batch=00500/01563 loss=0.561443 flow=0.467640 rec=0.186651 slope=0.007727 curv=0.009094 mae=0.19133 vp_mae=0.31037 vs_mae=0.18315 rho_mae=0.08047
[Step 00000600] epoch=001 batch=00600/01563 loss=0.509145 flow=0.418620 rec=0.180040 slope=0.008181 curv=0.009619 mae=0.19265 vp_mae=0.31405 vs_mae=0.18499 rho_mae=0.07890
[Step 00000700] epoch=001 batch=00700/01563 loss=0.532611 flow=0.439675 rec=0.184941 slope=0.007564 curv=0.008736 mae=0.18866 vp_mae=0.31080 vs_mae=0.17836 rho_mae=0.07683
[Step 00000800] epoch=001 batch=00800/01563 loss=0.515067 flow=0.416175 rec=0.196798 slope=0.008059 curv=0.009086 mae=0.19480 vp_mae=0.30981 vs_mae=0.19016 rho_mae=0.08443
[Step 00000900] epoch=001 batch=00900/01563 loss=0.524225 flow=0.420410 rec=0.206637 slope=0.008151 curv=0.008904 mae=0.20661 vp_mae=0.33649 vs_mae=0.19898 rho_mae=0.08435
[Step 00001000] epoch=001 batch=01000/01563 loss=0.479794 flow=0.394093 rec=0.170534 slope=0.007096 curv=0.007940 mae=0.18012 vp_mae=0.29092 vs_mae=0.17269 rho_mae=0.07674
[Step 00001100] epoch=001 batch=01100/01563 loss=0.495695 flow=0.400411 rec=0.189626 slope=0.007682 curv=0.008654 mae=0.19780 vp_mae=0.32758 vs_mae=0.18533 rho_mae=0.08049
[Step 00001200] epoch=001 batch=01200/01563 loss=0.517743 flow=0.413276 rec=0.208005 slope=0.007591 curv=0.008486 mae=0.21104 vp_mae=0.34710 vs_mae=0.20050 rho_mae=0.08552
[Step 00001300] epoch=001 batch=01300/01563 loss=0.513820 flow=0.401881 rec=0.222781 slope=0.009091 curv=0.009428 mae=0.21820 vp_mae=0.35198 vs_mae=0.20917 rho_mae=0.09344
[Step 00001400] epoch=001 batch=01400/01563 loss=0.502125 flow=0.402911 rec=0.197546 slope=0.007176 curv=0.008293 mae=0.20155 vp_mae=0.33056 vs_mae=0.19043 rho_mae=0.08366
[Step 00001500] epoch=001 batch=01500/01563 loss=0.484122 flow=0.378924 rec=0.209416 slope=0.008084 curv=0.008573 mae=0.21023 vp_mae=0.34387 vs_mae=0.19884 rho_mae=0.08796
[Epoch 001/024] time=473.9s lr=1.99e-04 | train: loss=0.55388, flow=0.44632, rec=0.21394, mae=0.2109, vp=0.3438, vs=0.2011, rho=0.0878 | val: loss=0.46166, flow=0.36917, rec=0.18433, slope=0.00553, curv=0.00487, sample_mae=0.3673, sample_vp=0.6035, sample_vs=0.3488, sample_rho=0.1497
  -> Best model saved to /Users/yuziye/Documents/GitHub/physical-sensitivity-kernels/ckpt/fair_di_weak_full_seed642026/best.pt
[Step 00001600] epoch=002 batch=00037/01563 loss=0.485680 flow=0.396319 rec=0.177854 slope=0.007140 curv=0.007686 mae=0.18533 vp_mae=0.30180 vs_mae=0.17651 rho_mae=0.07769
[Step 00001700] epoch=002 batch=00137/01563 loss=0.529922 flow=0.418635 rec=0.221610 slope=0.007954 curv=0.008408 mae=0.21481 vp_mae=0.34440 vs_mae=0.20986 rho_mae=0.09016
[Step 00001800] epoch=002 batch=00237/01563 loss=0.497715 flow=0.388337 rec=0.217909 slope=0.006901 curv=0.007854 mae=0.21272 vp_mae=0.34706 vs_mae=0.20306 rho_mae=0.08803
[Step 00001900] epoch=002 batch=00337/01563 loss=0.456625 flow=0.373741 rec=0.164972 slope=0.006497 curv=0.007309 mae=0.17916 vp_mae=0.29144 vs_mae=0.17118 rho_mae=0.07487
[Step 00002000] epoch=002 batch=00437/01563 loss=0.528986 flow=0.413832 rec=0.229415 slope=0.007276 curv=0.008223 mae=0.22105 vp_mae=0.36040 vs_mae=0.20870 rho_mae=0.09406
[Step 00002100] epoch=002 batch=00537/01563 loss=0.478734 flow=0.374997 rec=0.206560 slope=0.007536 curv=0.007947 mae=0.20873 vp_mae=0.34481 vs_mae=0.19890 rho_mae=0.08248
[Step 00002200] epoch=002 batch=00637/01563 loss=0.510842 flow=0.408743 rec=0.203306 slope=0.007435 curv=0.007459 mae=0.20578 vp_mae=0.33563 vs_mae=0.19707 rho_mae=0.08464
[Step 00002300] epoch=002 batch=00737/01563 loss=0.438306 flow=0.362106 rec=0.151657 slope=0.006090 curv=0.006660 mae=0.16912 vp_mae=0.27494 vs_mae=0.16102 rho_mae=0.07141
[Step 00002400] epoch=002 batch=00837/01563 loss=0.430265 flow=0.346052 rec=0.167610 slope=0.006789 curv=0.006887 mae=0.17843 vp_mae=0.28732 vs_mae=0.17171 rho_mae=0.07626
[Step 00002500] epoch=002 batch=00937/01563 loss=0.455134 flow=0.353544 rec=0.202356 slope=0.006775 curv=0.007397 mae=0.20558 vp_mae=0.33635 vs_mae=0.19882 rho_mae=0.08156
[Step 00002600] epoch=002 batch=01037/01563 loss=0.470500 flow=0.378528 rec=0.183157 slope=0.006484 curv=0.006928 mae=0.18976 vp_mae=0.30878 vs_mae=0.18184 rho_mae=0.07865
[Step 00002700] epoch=002 batch=01137/01563 loss=0.476758 flow=0.385133 rec=0.182518 slope=0.006016 curv=0.006481 mae=0.18916 vp_mae=0.30601 vs_mae=0.18316 rho_mae=0.07831
[Step 00002800] epoch=002 batch=01237/01563 loss=0.435535 flow=0.348251 rec=0.173763 slope=0.006624 curv=0.007147 mae=0.18569 vp_mae=0.30215 vs_mae=0.17882 rho_mae=0.07611
[Step 00002900] epoch=002 batch=01337/01563 loss=0.456536 flow=0.371716 rec=0.168850 slope=0.006516 curv=0.006968 mae=0.18115 vp_mae=0.29336 vs_mae=0.17290 rho_mae=0.07720
[Step 00003000] epoch=002 batch=01437/01563 loss=0.468169 flow=0.380466 rec=0.174557 slope=0.006920 curv=0.007810 mae=0.18514 vp_mae=0.29715 vs_mae=0.18158 rho_mae=0.07668
[Step 00003100] epoch=002 batch=01537/01563 loss=0.431113 flow=0.346799 rec=0.167795 slope=0.006856 curv=0.007351 mae=0.18234 vp_mae=0.29706 vs_mae=0.17531 rho_mae=0.07464
[Epoch 002/024] time=483.4s lr=1.97e-04 | train: loss=0.46697, flow=0.37559, rec=0.18194, mae=0.1898, vp=0.3088, vs=0.1818, rho=0.0787 | val: loss=0.42305, flow=0.33925, rec=0.16706, slope=0.00479, curv=0.00373, sample_mae=0.3576, sample_vp=0.5865, sample_vs=0.3393, sample_rho=0.1469
  -> Best model saved to /Users/yuziye/Documents/GitHub/physical-sensitivity-kernels/ckpt/fair_di_weak_full_seed642026/best.pt
[Step 00003200] epoch=003 batch=00074/01563 loss=0.443078 flow=0.370516 rec=0.144484 slope=0.005330 curv=0.005348 mae=0.16279 vp_mae=0.26428 vs_mae=0.15667 rho_mae=0.06744
[Step 00003300] epoch=003 batch=00174/01563 loss=0.430452 flow=0.350690 rec=0.158727 slope=0.006589 curv=0.006943 mae=0.17617 vp_mae=0.28748 vs_mae=0.16819 rho_mae=0.07285
[Step 00003400] epoch=003 batch=00274/01563 loss=0.425031 flow=0.335467 rec=0.178315 slope=0.006667 curv=0.007294 mae=0.19227 vp_mae=0.31495 vs_mae=0.18493 rho_mae=0.07693
[Step 00003500] epoch=003 batch=00374/01563 loss=0.457024 flow=0.369470 rec=0.174296 slope=0.006796 curv=0.006623 mae=0.18652 vp_mae=0.30408 vs_mae=0.17747 rho_mae=0.07800
[Step 00003600] epoch=003 batch=00474/01563 loss=0.470364 flow=0.372206 rec=0.195508 slope=0.006769 curv=0.006501 mae=0.19883 vp_mae=0.32455 vs_mae=0.19225 rho_mae=0.07969
[Step 00003700] epoch=003 batch=00574/01563 loss=0.438892 flow=0.362936 rec=0.151224 slope=0.005669 curv=0.006033 mae=0.16826 vp_mae=0.27011 vs_mae=0.16391 rho_mae=0.07074
[Step 00003800] epoch=003 batch=00674/01563 loss=0.480148 flow=0.382352 rec=0.194854 slope=0.006211 curv=0.005883 mae=0.19726 vp_mae=0.32080 vs_mae=0.18848 rho_mae=0.08250
[Step 00003900] epoch=003 batch=00774/01563 loss=0.420042 flow=0.330551 rec=0.178188 slope=0.006560 curv=0.006834 mae=0.19143 vp_mae=0.31139 vs_mae=0.18375 rho_mae=0.07915
[Step 00004000] epoch=003 batch=00874/01563 loss=0.414262 flow=0.343023 rec=0.141821 slope=0.005414 curv=0.005840 mae=0.16707 vp_mae=0.27662 vs_mae=0.15792 rho_mae=0.06667
[Step 00004100] epoch=003 batch=00974/01563 loss=0.371897 flow=0.302256 rec=0.138554 slope=0.005971 curv=0.006544 mae=0.16060 vp_mae=0.26078 vs_mae=0.15504 rho_mae=0.06596
[Step 00004200] epoch=003 batch=01074/01563 loss=0.449902 flow=0.374723 rec=0.149701 slope=0.005497 curv=0.005295 mae=0.16785 vp_mae=0.27173 vs_mae=0.16427 rho_mae=0.06754
[Step 00004300] epoch=003 batch=01174/01563 loss=0.450358 flow=0.351403 rec=0.197058 slope=0.007110 curv=0.007019 mae=0.19859 vp_mae=0.32340 vs_mae=0.19054 rho_mae=0.08182
[Step 00004400] epoch=003 batch=01274/01563 loss=0.467244 flow=0.371248 rec=0.191244 slope=0.006221 curv=0.006270 mae=0.19461 vp_mae=0.31704 vs_mae=0.18782 rho_mae=0.07895
[Step 00004500] epoch=003 batch=01374/01563 loss=0.461965 flow=0.360718 rec=0.201694 slope=0.006667 curv=0.006651 mae=0.20183 vp_mae=0.32906 vs_mae=0.19371 rho_mae=0.08270
[Step 00004600] epoch=003 batch=01474/01563 loss=0.434894 flow=0.360939 rec=0.147269 slope=0.005321 curv=0.005411 mae=0.16473 vp_mae=0.26372 vs_mae=0.15981 rho_mae=0.07065
[Epoch 003/024] time=474.4s lr=1.92e-04 | train: loss=0.43893, flow=0.35445, rec=0.16822, mae=0.1804, vp=0.2934, vs=0.1734, rho=0.0744 | val: loss=0.40440, flow=0.32219, rec=0.16393, slope=0.00443, curv=0.00306, sample_mae=0.3322, sample_vp=0.5452, sample_vs=0.3169, sample_rho=0.1345
  -> Best model saved to /Users/yuziye/Documents/GitHub/physical-sensitivity-kernels/ckpt/fair_di_weak_full_seed642026/best.pt
[Step 00004700] epoch=004 batch=00011/01563 loss=0.413395 flow=0.315057 rec=0.195851 slope=0.006905 curv=0.006718 mae=0.19973 vp_mae=0.32308 vs_mae=0.19192 rho_mae=0.08420
[Step 00004800] epoch=004 batch=00111/01563 loss=0.423717 flow=0.341181 rec=0.164297 slope=0.006460 curv=0.006381 mae=0.17778 vp_mae=0.28768 vs_mae=0.17038 rho_mae=0.07527
[Step 00004900] epoch=004 batch=00211/01563 loss=0.468940 flow=0.380476 rec=0.176190 slope=0.006124 curv=0.006231 mae=0.18536 vp_mae=0.30255 vs_mae=0.17884 rho_mae=0.07468
[Step 00005000] epoch=004 batch=00311/01563 loss=0.441150 flow=0.350868 rec=0.179739 slope=0.006885 curv=0.006854 mae=0.18720 vp_mae=0.30561 vs_mae=0.18001 rho_mae=0.07597
[Step 00005100] epoch=004 batch=00411/01563 loss=0.431639 flow=0.336738 rec=0.189130 slope=0.005600 curv=0.005599 mae=0.18896 vp_mae=0.30767 vs_mae=0.18076 rho_mae=0.07845
[Step 00005200] epoch=004 batch=00511/01563 loss=0.412661 flow=0.338380 rec=0.147896 slope=0.005510 curv=0.005802 mae=0.16653 vp_mae=0.26937 vs_mae=0.16205 rho_mae=0.06817
[Step 00005300] epoch=004 batch=00611/01563 loss=0.384609 flow=0.311638 rec=0.145212 slope=0.006023 curv=0.006304 mae=0.16788 vp_mae=0.27367 vs_mae=0.16088 rho_mae=0.06908
[Step 00005400] epoch=004 batch=00711/01563 loss=0.433351 flow=0.354716 rec=0.156548 slope=0.005904 curv=0.006597 mae=0.17423 vp_mae=0.28549 vs_mae=0.16684 rho_mae=0.07037
[Step 00005500] epoch=004 batch=00811/01563 loss=0.428021 flow=0.356588 rec=0.142246 slope=0.005138 curv=0.005332 mae=0.16007 vp_mae=0.25624 vs_mae=0.15748 rho_mae=0.06647
[Step 00005600] epoch=004 batch=00911/01563 loss=0.430156 flow=0.339192 rec=0.181161 slope=0.006376 curv=0.006485 mae=0.18830 vp_mae=0.30897 vs_mae=0.18110 rho_mae=0.07484
[Step 00005700] epoch=004 batch=01011/01563 loss=0.390843 flow=0.327259 rec=0.126583 slope=0.004845 curv=0.005029 mae=0.15082 vp_mae=0.24448 vs_mae=0.14590 rho_mae=0.06209
[Step 00005800] epoch=004 batch=01111/01563 loss=0.407335 flow=0.325523 rec=0.162941 slope=0.005694 curv=0.005723 mae=0.17691 vp_mae=0.28587 vs_mae=0.17383 rho_mae=0.07101
[Step 00005900] epoch=004 batch=01211/01563 loss=0.401849 flow=0.323440 rec=0.156160 slope=0.005550 curv=0.005173 mae=0.17319 vp_mae=0.28116 vs_mae=0.16906 rho_mae=0.06935
[Step 00006000] epoch=004 batch=01311/01563 loss=0.406313 flow=0.334720 rec=0.142543 slope=0.005351 curv=0.005311 mae=0.16121 vp_mae=0.26103 vs_mae=0.15642 rho_mae=0.06617
[Step 00006100] epoch=004 batch=01411/01563 loss=0.388456 flow=0.309360 rec=0.157409 slope=0.006566 curv=0.006273 mae=0.17698 vp_mae=0.28765 vs_mae=0.16779 rho_mae=0.07550
[Step 00006200] epoch=004 batch=01511/01563 loss=0.439670 flow=0.349353 rec=0.179864 slope=0.006466 curv=0.006207 mae=0.18752 vp_mae=0.30308 vs_mae=0.18426 rho_mae=0.07522
[Epoch 004/024] time=473.9s lr=1.87e-04 | train: loss=0.42215, flow=0.34091, rec=0.16178, mae=0.1759, vp=0.2860, vs=0.1694, rho=0.0724 | val: loss=0.39360, flow=0.31722, rec=0.15230, slope=0.00408, curv=0.00265, sample_mae=0.3212, sample_vp=0.5270, sample_vs=0.3077, sample_rho=0.1291
  -> Best model saved to /Users/yuziye/Documents/GitHub/physical-sensitivity-kernels/ckpt/fair_di_weak_full_seed642026/best.pt
[Step 00006300] epoch=005 batch=00048/01563 loss=0.425000 flow=0.344559 rec=0.160215 slope=0.005622 curv=0.005245 mae=0.17344 vp_mae=0.28052 vs_mae=0.16908 rho_mae=0.07074
[Step 00006400] epoch=005 batch=00148/01563 loss=0.415766 flow=0.337074 rec=0.156753 slope=0.005316 curv=0.005000 mae=0.17021 vp_mae=0.27429 vs_mae=0.16490 rho_mae=0.07145
[Step 00006500] epoch=005 batch=00248/01563 loss=0.383346 flow=0.305053 rec=0.155838 slope=0.006232 curv=0.006214 mae=0.17240 vp_mae=0.28139 vs_mae=0.16415 rho_mae=0.07165
[Step 00006600] epoch=005 batch=00348/01563 loss=0.442375 flow=0.360628 rec=0.162774 slope=0.006030 curv=0.005871 mae=0.18026 vp_mae=0.29313 vs_mae=0.17402 rho_mae=0.07362
[Step 00006700] epoch=005 batch=00448/01563 loss=0.395115 flow=0.316568 rec=0.156376 slope=0.005961 curv=0.006051 mae=0.17329 vp_mae=0.28322 vs_mae=0.16594 rho_mae=0.07070
[Step 00006800] epoch=005 batch=00548/01563 loss=0.368492 flow=0.305036 rec=0.126242 slope=0.005532 curv=0.005835 mae=0.15036 vp_mae=0.24108 vs_mae=0.14509 rho_mae=0.06492
[Step 00006900] epoch=005 batch=00648/01563 loss=0.403538 flow=0.329178 rec=0.148108 slope=0.005122 curv=0.005033 mae=0.16797 vp_mae=0.27382 vs_mae=0.16136 rho_mae=0.06874
[Step 00007000] epoch=005 batch=00748/01563 loss=0.423782 flow=0.346342 rec=0.154276 slope=0.005044 curv=0.004983 mae=0.16732 vp_mae=0.27396 vs_mae=0.15679 rho_mae=0.07120
[Step 00007100] epoch=005 batch=00848/01563 loss=0.432019 flow=0.340951 rec=0.181364 slope=0.006490 curv=0.006166 mae=0.19505 vp_mae=0.31937 vs_mae=0.18963 rho_mae=0.07616
[Step 00007200] epoch=005 batch=00948/01563 loss=0.445326 flow=0.343575 rec=0.202749 slope=0.006376 curv=0.005755 mae=0.20304 vp_mae=0.32951 vs_mae=0.19510 rho_mae=0.08451
[Step 00007300] epoch=005 batch=01048/01563 loss=0.395097 flow=0.314437 rec=0.160630 slope=0.005761 curv=0.005757 mae=0.17728 vp_mae=0.28999 vs_mae=0.16778 rho_mae=0.07408
[Step 00007400] epoch=005 batch=01148/01563 loss=0.379660 flow=0.308922 rec=0.140817 slope=0.005525 curv=0.005336 mae=0.16188 vp_mae=0.25935 vs_mae=0.15939 rho_mae=0.06689
[Step 00007500] epoch=005 batch=01248/01563 loss=0.430229 flow=0.342149 rec=0.175458 slope=0.005799 curv=0.006100 mae=0.18757 vp_mae=0.30627 vs_mae=0.17918 rho_mae=0.07726
[Step 00007600] epoch=005 batch=01348/01563 loss=0.419607 flow=0.329345 rec=0.179837 slope=0.005760 curv=0.005557 mae=0.18897 vp_mae=0.30596 vs_mae=0.18304 rho_mae=0.07791
[Step 00007700] epoch=005 batch=01448/01563 loss=0.399954 flow=0.324920 rec=0.149348 slope=0.006028 curv=0.005959 mae=0.16668 vp_mae=0.26867 vs_mae=0.16067 rho_mae=0.07070
[Step 00007800] epoch=005 batch=01548/01563 loss=0.389442 flow=0.318985 rec=0.140294 slope=0.005163 curv=0.005171 mae=0.16483 vp_mae=0.26877 vs_mae=0.15911 rho_mae=0.06661
[Epoch 005/024] time=465.8s lr=1.79e-04 | train: loss=0.40897, flow=0.33055, rec=0.15617, mae=0.1721, vp=0.2798, vs=0.1660, rho=0.0705 | val: loss=0.37311, flow=0.30081, rec=0.14415, slope=0.00395, curv=0.00228, sample_mae=0.3175, sample_vp=0.5212, sample_vs=0.3031, sample_rho=0.1282
  -> Best model saved to /Users/yuziye/Documents/GitHub/physical-sensitivity-kernels/ckpt/fair_di_weak_full_seed642026/best.pt
[Step 00007900] epoch=006 batch=00085/01563 loss=0.409525 flow=0.333217 rec=0.151922 slope=0.005859 curv=0.005439 mae=0.16984 vp_mae=0.27575 vs_mae=0.16394 rho_mae=0.06983
[Step 00008000] epoch=006 batch=00185/01563 loss=0.425189 flow=0.340625 rec=0.168454 slope=0.005626 curv=0.005595 mae=0.17938 vp_mae=0.29383 vs_mae=0.17351 rho_mae=0.07080
[Step 00008100] epoch=006 batch=00285/01563 loss=0.369557 flow=0.295716 rec=0.147029 slope=0.005482 curv=0.005235 mae=0.16693 vp_mae=0.27151 vs_mae=0.16075 rho_mae=0.06854
[Step 00008200] epoch=006 batch=00385/01563 loss=0.374745 flow=0.292468 rec=0.163950 slope=0.005000 curv=0.005134 mae=0.17598 vp_mae=0.28485 vs_mae=0.17072 rho_mae=0.07239
[Step 00008300] epoch=006 batch=00485/01563 loss=0.434376 flow=0.356106 rec=0.155907 slope=0.005321 curv=0.005036 mae=0.16986 vp_mae=0.27345 vs_mae=0.16685 rho_mae=0.06929
[Step 00008400] epoch=006 batch=00585/01563 loss=0.389448 flow=0.320172 rec=0.138008 slope=0.004586 curv=0.004275 mae=0.15761 vp_mae=0.25380 vs_mae=0.15270 rho_mae=0.06633
[Step 00008500] epoch=006 batch=00685/01563 loss=0.422248 flow=0.346955 rec=0.150010 slope=0.004825 curv=0.004606 mae=0.16485 vp_mae=0.26616 vs_mae=0.16037 rho_mae=0.06801
[Step 00008600] epoch=006 batch=00785/01563 loss=0.432587 flow=0.361694 rec=0.141114 slope=0.005690 curv=0.005072 mae=0.15928 vp_mae=0.25830 vs_mae=0.15511 rho_mae=0.06442
[Step 00008700] epoch=006 batch=00885/01563 loss=0.391135 flow=0.325288 rec=0.131113 slope=0.004900 curv=0.004532 mae=0.15449 vp_mae=0.25044 vs_mae=0.14950 rho_mae=0.06355
[Step 00008800] epoch=006 batch=00985/01563 loss=0.389084 flow=0.324527 rec=0.128480 slope=0.005375 curv=0.004908 mae=0.15217 vp_mae=0.24746 vs_mae=0.14932 rho_mae=0.05974
[Step 00008900] epoch=006 batch=01085/01563 loss=0.407996 flow=0.324104 rec=0.167134 slope=0.005397 curv=0.005464 mae=0.18073 vp_mae=0.29795 vs_mae=0.17380 rho_mae=0.07044
[Step 00009000] epoch=006 batch=01185/01563 loss=0.396545 flow=0.313893 rec=0.164580 slope=0.006206 curv=0.005200 mae=0.17897 vp_mae=0.29005 vs_mae=0.17275 rho_mae=0.07411
[Step 00009100] epoch=006 batch=01285/01563 loss=0.405231 flow=0.320761 rec=0.168252 slope=0.005787 curv=0.005484 mae=0.18001 vp_mae=0.29030 vs_mae=0.17167 rho_mae=0.07807
[Step 00009200] epoch=006 batch=01385/01563 loss=0.409702 flow=0.330707 rec=0.157308 slope=0.005665 curv=0.005786 mae=0.17261 vp_mae=0.28264 vs_mae=0.16477 rho_mae=0.07042
[Step 00009300] epoch=006 batch=01485/01563 loss=0.412260 flow=0.333621 rec=0.156637 slope=0.005406 curv=0.005076 mae=0.16746 vp_mae=0.26912 vs_mae=0.16156 rho_mae=0.07169
[Epoch 006/024] time=462.4s lr=1.71e-04 | train: loss=0.39770, flow=0.32186, rec=0.15103, mae=0.1684, vp=0.2737, vs=0.1625, rho=0.0690 | val: loss=0.36029, flow=0.28895, rec=0.14226, slope=0.00383, curv=0.00216, sample_mae=0.3030, sample_vp=0.4977, sample_vs=0.2899, sample_rho=0.1214
  -> Best model saved to /Users/yuziye/Documents/GitHub/physical-sensitivity-kernels/ckpt/fair_di_weak_full_seed642026/best.pt
[Step 00009400] epoch=007 batch=00022/01563 loss=0.374882 flow=0.312560 rec=0.124070 slope=0.004849 curv=0.004455 mae=0.14990 vp_mae=0.24281 vs_mae=0.14657 rho_mae=0.06031
[Step 00009500] epoch=007 batch=00122/01563 loss=0.388248 flow=0.318463 rec=0.138926 slope=0.005392 curv=0.005211 mae=0.16067 vp_mae=0.25736 vs_mae=0.15798 rho_mae=0.06668
[Step 00009600] epoch=007 batch=00222/01563 loss=0.370384 flow=0.298753 rec=0.142557 slope=0.005847 curv=0.006005 mae=0.16341 vp_mae=0.26384 vs_mae=0.15808 rho_mae=0.06832
[Step 00009700] epoch=007 batch=00322/01563 loss=0.380004 flow=0.304283 rec=0.150835 slope=0.005116 curv=0.004732 mae=0.16975 vp_mae=0.27548 vs_mae=0.16252 rho_mae=0.07124
[Step 00009800] epoch=007 batch=00422/01563 loss=0.384090 flow=0.318495 rec=0.130571 slope=0.005209 curv=0.004916 mae=0.15408 vp_mae=0.25071 vs_mae=0.14652 rho_mae=0.06502
[Step 00009900] epoch=007 batch=00522/01563 loss=0.416514 flow=0.345613 rec=0.141249 slope=0.004641 curv=0.004481 mae=0.15667 vp_mae=0.25408 vs_mae=0.15406 rho_mae=0.06188
[Step 00010000] epoch=007 batch=00622/01563 loss=0.389340 flow=0.322369 rec=0.133350 slope=0.005029 curv=0.004445 mae=0.15525 vp_mae=0.25164 vs_mae=0.15040 rho_mae=0.06373
[Step 00010100] epoch=007 batch=00722/01563 loss=0.426600 flow=0.328587 rec=0.195361 slope=0.005588 curv=0.005289 mae=0.20035 vp_mae=0.32661 vs_mae=0.19069 rho_mae=0.08374
[Step 00010200] epoch=007 batch=00822/01563 loss=0.397388 flow=0.332228 rec=0.129718 slope=0.005071 curv=0.004735 mae=0.15236 vp_mae=0.24819 vs_mae=0.14758 rho_mae=0.06132
[Step 00010300] epoch=007 batch=00922/01563 loss=0.413818 flow=0.329913 rec=0.167151 slope=0.005546 curv=0.005191 mae=0.17924 vp_mae=0.29407 vs_mae=0.17269 rho_mae=0.07096
[Step 00010400] epoch=007 batch=01022/01563 loss=0.385344 flow=0.321238 rec=0.127559 slope=0.005551 curv=0.004920 mae=0.14831 vp_mae=0.24061 vs_mae=0.14519 rho_mae=0.05912
[Step 00010500] epoch=007 batch=01122/01563 loss=0.377553 flow=0.304333 rec=0.145847 slope=0.005053 curv=0.004438 mae=0.16634 vp_mae=0.26984 vs_mae=0.15976 rho_mae=0.06941
[Step 00010600] epoch=007 batch=01222/01563 loss=0.382437 flow=0.307664 rec=0.148950 slope=0.004971 curv=0.004912 mae=0.16860 vp_mae=0.27438 vs_mae=0.16231 rho_mae=0.06911
[Step 00010700] epoch=007 batch=01322/01563 loss=0.406409 flow=0.321157 rec=0.169930 slope=0.004759 curv=0.004876 mae=0.17559 vp_mae=0.28695 vs_mae=0.16851 rho_mae=0.07131
[Step 00010800] epoch=007 batch=01422/01563 loss=0.396524 flow=0.333318 rec=0.125807 slope=0.005095 curv=0.004820 mae=0.15011 vp_mae=0.24535 vs_mae=0.14460 rho_mae=0.06039
[Step 00010900] epoch=007 batch=01522/01563 loss=0.419017 flow=0.324351 rec=0.188578 slope=0.006375 curv=0.005913 mae=0.19287 vp_mae=0.31194 vs_mae=0.18378 rho_mae=0.08289
[Epoch 007/024] time=459.4s lr=1.61e-04 | train: loss=0.38904, flow=0.31464, rec=0.14818, mae=0.1662, vp=0.2700, vs=0.1606, rho=0.0680 | val: loss=0.35881, flow=0.28683, rec=0.14357, slope=0.00370, curv=0.00192, sample_mae=0.3014, sample_vp=0.4946, sample_vs=0.2895, sample_rho=0.1201
  -> Best model saved to /Users/yuziye/Documents/GitHub/physical-sensitivity-kernels/ckpt/fair_di_weak_full_seed642026/best.pt
[Step 00011000] epoch=008 batch=00059/01563 loss=0.364883 flow=0.312492 rec=0.104243 slope=0.004564 curv=0.004110 mae=0.13602 vp_mae=0.22055 vs_mae=0.13224 rho_mae=0.05527
[Step 00011100] epoch=008 batch=00159/01563 loss=0.370364 flow=0.290460 rec=0.159141 slope=0.005657 curv=0.005149 mae=0.17370 vp_mae=0.28128 vs_mae=0.16863 rho_mae=0.07118
[Step 00011200] epoch=008 batch=00259/01563 loss=0.356078 flow=0.292129 rec=0.127259 slope=0.005321 curv=0.005303 mae=0.15447 vp_mae=0.25198 vs_mae=0.14861 rho_mae=0.06282
[Step 00011300] epoch=008 batch=00359/01563 loss=0.379288 flow=0.307884 rec=0.142197 slope=0.005106 curv=0.005094 mae=0.16197 vp_mae=0.26286 vs_mae=0.15769 rho_mae=0.06537
[Step 00011400] epoch=008 batch=00459/01563 loss=0.395070 flow=0.304305 rec=0.180865 slope=0.005580 curv=0.005332 mae=0.18668 vp_mae=0.30195 vs_mae=0.17784 rho_mae=0.08026
[Step 00011500] epoch=008 batch=00559/01563 loss=0.385535 flow=0.307405 rec=0.155612 slope=0.005388 curv=0.005447 mae=0.16847 vp_mae=0.27261 vs_mae=0.16079 rho_mae=0.07203
[Step 00011600] epoch=008 batch=00659/01563 loss=0.418948 flow=0.333136 rec=0.170962 slope=0.005578 curv=0.005182 mae=0.18172 vp_mae=0.29548 vs_mae=0.17606 rho_mae=0.07362
[Step 00011700] epoch=008 batch=00759/01563 loss=0.347681 flow=0.282458 rec=0.129836 slope=0.005089 curv=0.005017 mae=0.15475 vp_mae=0.25288 vs_mae=0.14956 rho_mae=0.06180
[Step 00011800] epoch=008 batch=00859/01563 loss=0.370166 flow=0.302689 rec=0.134387 slope=0.004752 curv=0.004496 mae=0.15754 vp_mae=0.25392 vs_mae=0.15546 rho_mae=0.06324
[Step 00011900] epoch=008 batch=00959/01563 loss=0.392807 flow=0.312140 rec=0.160637 slope=0.005877 curv=0.005489 mae=0.17543 vp_mae=0.28560 vs_mae=0.16902 rho_mae=0.07168
[Step 00012000] epoch=008 batch=01059/01563 loss=0.357134 flow=0.288389 rec=0.136896 slope=0.005010 curv=0.004658 mae=0.15788 vp_mae=0.25465 vs_mae=0.15373 rho_mae=0.06526
[Step 00012100] epoch=008 batch=01159/01563 loss=0.345283 flow=0.291022 rec=0.108023 slope=0.004201 curv=0.003946 mae=0.13740 vp_mae=0.22227 vs_mae=0.13453 rho_mae=0.05541
[Step 00012200] epoch=008 batch=01259/01563 loss=0.385088 flow=0.309055 rec=0.151462 slope=0.005089 curv=0.004769 mae=0.17010 vp_mae=0.27996 vs_mae=0.16272 rho_mae=0.06763
[Step 00012300] epoch=008 batch=01359/01563 loss=0.380300 flow=0.317701 rec=0.124585 slope=0.005211 curv=0.004584 mae=0.14941 vp_mae=0.24376 vs_mae=0.14628 rho_mae=0.05821
[Step 00012400] epoch=008 batch=01459/01563 loss=0.369897 flow=0.300479 rec=0.138199 slope=0.005305 curv=0.005272 mae=0.15891 vp_mae=0.25757 vs_mae=0.15297 rho_mae=0.06618
[Step 00012500] epoch=008 batch=01559/01563 loss=0.367300 flow=0.301766 rec=0.130519 slope=0.004610 curv=0.004347 mae=0.15311 vp_mae=0.24828 vs_mae=0.14896 rho_mae=0.06208
[Epoch 008/024] time=459.6s lr=1.50e-04 | train: loss=0.38160, flow=0.30888, rec=0.14482, mae=0.1639, vp=0.2662, vs=0.1585, rho=0.0670 | val: loss=0.34346, flow=0.27609, rec=0.13435, slope=0.00359, curv=0.00182, sample_mae=0.3011, sample_vp=0.4939, sample_vs=0.2888, sample_rho=0.1207
  -> Best model saved to /Users/yuziye/Documents/GitHub/physical-sensitivity-kernels/ckpt/fair_di_weak_full_seed642026/best.pt
[Step 00012600] epoch=009 batch=00096/01563 loss=0.375140 flow=0.298906 rec=0.151830 slope=0.005379 curv=0.005069 mae=0.16347 vp_mae=0.26084 vs_mae=0.16016 rho_mae=0.06941
[Step 00012700] epoch=009 batch=00196/01563 loss=0.424786 flow=0.335580 rec=0.177805 slope=0.005153 curv=0.004553 mae=0.18133 vp_mae=0.29607 vs_mae=0.17203 rho_mae=0.07589
[Step 00012800] epoch=009 batch=00296/01563 loss=0.360807 flow=0.283724 rec=0.153533 slope=0.005337 curv=0.004933 mae=0.17306 vp_mae=0.28596 vs_mae=0.16597 rho_mae=0.06724
[Step 00012900] epoch=009 batch=00396/01563 loss=0.343505 flow=0.281296 rec=0.123815 slope=0.005095 curv=0.004637 mae=0.15152 vp_mae=0.24451 vs_mae=0.14877 rho_mae=0.06129
[Step 00013000] epoch=009 batch=00496/01563 loss=0.414022 flow=0.329344 rec=0.168666 slope=0.005833 curv=0.005329 mae=0.18195 vp_mae=0.29627 vs_mae=0.17482 rho_mae=0.07477
[Step 00013100] epoch=009 batch=00596/01563 loss=0.346351 flow=0.285307 rec=0.121540 slope=0.004651 curv=0.004205 mae=0.14771 vp_mae=0.23802 vs_mae=0.14384 rho_mae=0.06127
[Step 00013200] epoch=009 batch=00696/01563 loss=0.409716 flow=0.329160 rec=0.160439 slope=0.005717 curv=0.005006 mae=0.17419 vp_mae=0.28329 vs_mae=0.16785 rho_mae=0.07142
[Step 00013300] epoch=009 batch=00796/01563 loss=0.352887 flow=0.301533 rec=0.102191 slope=0.004381 curv=0.003972 mae=0.13173 vp_mae=0.20948 vs_mae=0.13052 rho_mae=0.05518
[Step 00013400] epoch=009 batch=00896/01563 loss=0.360676 flow=0.283993 rec=0.152759 slope=0.005081 curv=0.004955 mae=0.16820 vp_mae=0.27306 vs_mae=0.16094 rho_mae=0.07061
[Step 00013500] epoch=009 batch=00996/01563 loss=0.350025 flow=0.297449 rec=0.104652 slope=0.004179 curv=0.004011 mae=0.13681 vp_mae=0.22298 vs_mae=0.13182 rho_mae=0.05563
[Step 00013600] epoch=009 batch=01096/01563 loss=0.362737 flow=0.295812 rec=0.133221 slope=0.005393 curv=0.004465 mae=0.15572 vp_mae=0.25295 vs_mae=0.15184 rho_mae=0.06237
[Step 00013700] epoch=009 batch=01196/01563 loss=0.354011 flow=0.289483 rec=0.128425 slope=0.005326 curv=0.004923 mae=0.15159 vp_mae=0.24191 vs_mae=0.14944 rho_mae=0.06343
[Step 00013800] epoch=009 batch=01296/01563 loss=0.385450 flow=0.306508 rec=0.157251 slope=0.005311 curv=0.005190 mae=0.17536 vp_mae=0.28465 vs_mae=0.16723 rho_mae=0.07421
[Step 00013900] epoch=009 batch=01396/01563 loss=0.354182 flow=0.283413 rec=0.140959 slope=0.004848 curv=0.004702 mae=0.16033 vp_mae=0.25771 vs_mae=0.15419 rho_mae=0.06910
[Step 00014000] epoch=009 batch=01496/01563 loss=0.357728 flow=0.282864 rec=0.148966 slope=0.006487 curv=0.005639 mae=0.16950 vp_mae=0.27397 vs_mae=0.16535 rho_mae=0.06916
[Epoch 009/024] time=465.4s lr=1.39e-04 | train: loss=0.37581, flow=0.30377, rec=0.14346, mae=0.1629, vp=0.2645, vs=0.1576, rho=0.0665 | val: loss=0.34315, flow=0.27503, rec=0.13585, slope=0.00355, curv=0.00166, sample_mae=0.2894, sample_vp=0.4752, sample_vs=0.2774, sample_rho=0.1157
  -> Best model saved to /Users/yuziye/Documents/GitHub/physical-sensitivity-kernels/ckpt/fair_di_weak_full_seed642026/best.pt
[Step 00014100] epoch=010 batch=00033/01563 loss=0.354349 flow=0.281095 rec=0.145852 slope=0.005513 curv=0.005290 mae=0.16601 vp_mae=0.26954 vs_mae=0.16053 rho_mae=0.06795
[Step 00014200] epoch=010 batch=00133/01563 loss=0.383801 flow=0.319142 rec=0.128651 slope=0.005614 curv=0.005283 mae=0.15612 vp_mae=0.25445 vs_mae=0.15150 rho_mae=0.06243
[Step 00014300] epoch=010 batch=00233/01563 loss=0.380092 flow=0.298937 rec=0.161701 slope=0.005057 curv=0.005184 mae=0.17436 vp_mae=0.28482 vs_mae=0.16702 rho_mae=0.07125
[Step 00014400] epoch=010 batch=00333/01563 loss=0.369101 flow=0.286723 rec=0.164070 slope=0.005734 curv=0.005653 mae=0.17395 vp_mae=0.28187 vs_mae=0.16496 rho_mae=0.07500
[Step 00014500] epoch=010 batch=00433/01563 loss=0.396893 flow=0.315973 rec=0.161189 slope=0.005551 curv=0.004836 mae=0.17707 vp_mae=0.28960 vs_mae=0.17075 rho_mae=0.07086
[Step 00014600] epoch=010 batch=00533/01563 loss=0.358623 flow=0.283087 rec=0.150438 slope=0.005382 curv=0.004833 mae=0.16853 vp_mae=0.27207 vs_mae=0.16624 rho_mae=0.06727
[Step 00014700] epoch=010 batch=00633/01563 loss=0.358108 flow=0.286226 rec=0.143085 slope=0.005658 curv=0.005711 mae=0.16278 vp_mae=0.26394 vs_mae=0.15563 rho_mae=0.06877
[Step 00014800] epoch=010 batch=00733/01563 loss=0.355273 flow=0.272275 rec=0.165320 slope=0.005695 curv=0.005341 mae=0.17965 vp_mae=0.28763 vs_mae=0.17831 rho_mae=0.07301
[Step 00014900] epoch=010 batch=00833/01563 loss=0.390063 flow=0.301272 rec=0.176850 slope=0.006195 curv=0.005580 mae=0.18763 vp_mae=0.30480 vs_mae=0.18086 rho_mae=0.07722
[Step 00015000] epoch=010 batch=00933/01563 loss=0.394914 flow=0.309913 rec=0.169283 slope=0.006098 curv=0.005440 mae=0.18129 vp_mae=0.29373 vs_mae=0.17599 rho_mae=0.07415
[Step 00015100] epoch=010 batch=01033/01563 loss=0.372320 flow=0.300948 rec=0.142205 slope=0.004587 curv=0.004071 mae=0.15926 vp_mae=0.25984 vs_mae=0.15081 rho_mae=0.06712
[Step 00015200] epoch=010 batch=01133/01563 loss=0.373032 flow=0.292346 rec=0.160776 slope=0.005038 curv=0.004575 mae=0.17819 vp_mae=0.29352 vs_mae=0.17166 rho_mae=0.06939
[Step 00015300] epoch=010 batch=01233/01563 loss=0.391497 flow=0.314303 rec=0.153712 slope=0.005687 curv=0.005411 mae=0.16996 vp_mae=0.27385 vs_mae=0.16436 rho_mae=0.07167
[Step 00015400] epoch=010 batch=01333/01563 loss=0.333642 flow=0.276112 rec=0.114543 slope=0.004318 curv=0.004259 mae=0.14566 vp_mae=0.23511 vs_mae=0.14244 rho_mae=0.05942
[Step 00015500] epoch=010 batch=01433/01563 loss=0.354251 flow=0.280454 rec=0.146874 slope=0.006026 curv=0.005831 mae=0.16969 vp_mae=0.27450 vs_mae=0.16367 rho_mae=0.07088
[Step 00015600] epoch=010 batch=01533/01563 loss=0.336278 flow=0.276112 rec=0.119770 slope=0.004789 curv=0.004211 mae=0.14610 vp_mae=0.23657 vs_mae=0.14101 rho_mae=0.06073
[Epoch 010/024] time=474.6s lr=1.26e-04 | train: loss=0.37080, flow=0.29996, rec=0.14106, mae=0.1610, vp=0.2615, vs=0.1559, rho=0.0657 | val: loss=0.34014, flow=0.27269, rec=0.13452, slope=0.00348, curv=0.00160, sample_mae=0.2978, sample_vp=0.4881, sample_vs=0.2855, sample_rho=0.1199
  -> Best model saved to /Users/yuziye/Documents/GitHub/physical-sensitivity-kernels/ckpt/fair_di_weak_full_seed642026/best.pt
[Step 00015700] epoch=011 batch=00070/01563 loss=0.360382 flow=0.294056 rec=0.132021 slope=0.005325 curv=0.004860 mae=0.15478 vp_mae=0.25256 vs_mae=0.15006 rho_mae=0.06171
[Step 00015800] epoch=011 batch=00170/01563 loss=0.345683 flow=0.291051 rec=0.108772 slope=0.004164 curv=0.003762 mae=0.13731 vp_mae=0.22483 vs_mae=0.13021 rho_mae=0.05688
[Step 00015900] epoch=011 batch=00270/01563 loss=0.343510 flow=0.285737 rec=0.115023 slope=0.004423 curv=0.004119 mae=0.14243 vp_mae=0.22861 vs_mae=0.13756 rho_mae=0.06111
[Step 00016000] epoch=011 batch=00370/01563 loss=0.391559 flow=0.327669 rec=0.127191 slope=0.005022 curv=0.004307 mae=0.14716 vp_mae=0.23583 vs_mae=0.14445 rho_mae=0.06120
[Step 00016100] epoch=011 batch=00470/01563 loss=0.358514 flow=0.289655 rec=0.137156 slope=0.004808 curv=0.004039 mae=0.15726 vp_mae=0.25520 vs_mae=0.15035 rho_mae=0.06622
[Step 00016200] epoch=011 batch=00570/01563 loss=0.390553 flow=0.323693 rec=0.133126 slope=0.004970 curv=0.004836 mae=0.15393 vp_mae=0.24909 vs_mae=0.14873 rho_mae=0.06398
[Step 00016300] epoch=011 batch=00670/01563 loss=0.355179 flow=0.288732 rec=0.132342 slope=0.004655 curv=0.004322 mae=0.15386 vp_mae=0.24858 vs_mae=0.15006 rho_mae=0.06294
[Step 00016400] epoch=011 batch=00770/01563 loss=0.375253 flow=0.293514 rec=0.162820 slope=0.005541 curv=0.005193 mae=0.17751 vp_mae=0.29081 vs_mae=0.17049 rho_mae=0.07121
[Step 00016500] epoch=011 batch=00870/01563 loss=0.367413 flow=0.300296 rec=0.133635 slope=0.005035 curv=0.004746 mae=0.15588 vp_mae=0.25110 vs_mae=0.15306 rho_mae=0.06349
[Step 00016600] epoch=011 batch=00970/01563 loss=0.352390 flow=0.284495 rec=0.135142 slope=0.005535 curv=0.004734 mae=0.16056 vp_mae=0.26098 vs_mae=0.15685 rho_mae=0.06385
[Step 00016700] epoch=011 batch=01070/01563 loss=0.356206 flow=0.292533 rec=0.126786 slope=0.004746 curv=0.004234 mae=0.15244 vp_mae=0.24864 vs_mae=0.14620 rho_mae=0.06249
[Step 00016800] epoch=011 batch=01170/01563 loss=0.355974 flow=0.293281 rec=0.124831 slope=0.004757 curv=0.003923 mae=0.15053 vp_mae=0.24394 vs_mae=0.14572 rho_mae=0.06195
[Step 00016900] epoch=011 batch=01270/01563 loss=0.329326 flow=0.268496 rec=0.121085 slope=0.004818 curv=0.004650 mae=0.14789 vp_mae=0.23820 vs_mae=0.14281 rho_mae=0.06266
[Step 00017000] epoch=011 batch=01370/01563 loss=0.368279 flow=0.293276 rec=0.149318 slope=0.005847 curv=0.005232 mae=0.16696 vp_mae=0.26963 vs_mae=0.16310 rho_mae=0.06815
[Step 00017100] epoch=011 batch=01470/01563 loss=0.377937 flow=0.313154 rec=0.128995 slope=0.004849 curv=0.004363 mae=0.15277 vp_mae=0.24747 vs_mae=0.14855 rho_mae=0.06228
[Epoch 011/024] time=474.0s lr=1.13e-04 | train: loss=0.36472, flow=0.29506, rec=0.13873, mae=0.1593, vp=0.2586, vs=0.1543, rho=0.0650 | val: loss=0.33249, flow=0.26783, rec=0.12895, slope=0.00341, curv=0.00146, sample_mae=0.2792, sample_vp=0.4575, sample_vs=0.2686, sample_rho=0.1115
  -> Best model saved to /Users/yuziye/Documents/GitHub/physical-sensitivity-kernels/ckpt/fair_di_weak_full_seed642026/best.pt
[Step 00017200] epoch=012 batch=00007/01563 loss=0.363968 flow=0.285577 rec=0.156184 slope=0.005069 curv=0.004537 mae=0.16947 vp_mae=0.27303 vs_mae=0.16324 rho_mae=0.07214
[Step 00017300] epoch=012 batch=00107/01563 loss=0.367898 flow=0.292875 rec=0.149458 slope=0.004984 curv=0.004492 mae=0.16569 vp_mae=0.26791 vs_mae=0.16178 rho_mae=0.06739
[Step 00017400] epoch=012 batch=00207/01563 loss=0.346040 flow=0.281204 rec=0.129121 slope=0.004736 curv=0.003838 mae=0.15050 vp_mae=0.24589 vs_mae=0.14592 rho_mae=0.05969
[Step 00017500] epoch=012 batch=00307/01563 loss=0.356081 flow=0.282556 rec=0.146402 slope=0.005449 curv=0.005247 mae=0.16511 vp_mae=0.26287 vs_mae=0.16310 rho_mae=0.06935
[Step 00017600] epoch=012 batch=00407/01563 loss=0.349268 flow=0.286176 rec=0.125655 slope=0.004413 curv=0.004320 mae=0.15192 vp_mae=0.24743 vs_mae=0.14806 rho_mae=0.06027
[Step 00017700] epoch=012 batch=00507/01563 loss=0.362189 flow=0.298658 rec=0.126432 slope=0.005384 curv=0.004557 mae=0.15027 vp_mae=0.24452 vs_mae=0.14396 rho_mae=0.06231
[Step 00017800] epoch=012 batch=00607/01563 loss=0.391760 flow=0.326196 rec=0.130643 slope=0.004134 curv=0.003572 mae=0.14793 vp_mae=0.23960 vs_mae=0.14469 rho_mae=0.05949
[Step 00017900] epoch=012 batch=00707/01563 loss=0.326479 flow=0.268974 rec=0.114458 slope=0.004649 curv=0.004293 mae=0.14251 vp_mae=0.23034 vs_mae=0.13910 rho_mae=0.05808
[Step 00018000] epoch=012 batch=00807/01563 loss=0.354502 flow=0.286554 rec=0.135281 slope=0.005157 curv=0.005021 mae=0.15780 vp_mae=0.25593 vs_mae=0.15477 rho_mae=0.06270
[Step 00018100] epoch=012 batch=00907/01563 loss=0.382256 flow=0.310265 rec=0.143395 slope=0.005005 curv=0.004388 mae=0.16422 vp_mae=0.26677 vs_mae=0.15849 rho_mae=0.06739
[Step 00018200] epoch=012 batch=01007/01563 loss=0.363585 flow=0.290970 rec=0.144661 slope=0.004820 curv=0.004302 mae=0.16315 vp_mae=0.26449 vs_mae=0.15886 rho_mae=0.06609
[Step 00018300] epoch=012 batch=01107/01563 loss=0.342545 flow=0.264372 rec=0.155762 slope=0.004957 curv=0.004407 mae=0.17123 vp_mae=0.28048 vs_mae=0.16559 rho_mae=0.06761
[Step 00018400] epoch=012 batch=01207/01563 loss=0.372997 flow=0.288345 rec=0.168709 slope=0.005010 curv=0.004718 mae=0.17977 vp_mae=0.29319 vs_mae=0.17133 rho_mae=0.07479
[Step 00018500] epoch=012 batch=01307/01563 loss=0.383410 flow=0.308827 rec=0.148614 slope=0.004631 curv=0.004493 mae=0.16386 vp_mae=0.26646 vs_mae=0.15882 rho_mae=0.06629
[Step 00018600] epoch=012 batch=01407/01563 loss=0.376107 flow=0.305490 rec=0.140582 slope=0.005604 curv=0.004592 mae=0.16299 vp_mae=0.26199 vs_mae=0.15938 rho_mae=0.06759
[Step 00018700] epoch=012 batch=01507/01563 loss=0.375030 flow=0.305893 rec=0.137706 slope=0.004767 curv=0.004537 mae=0.15914 vp_mae=0.26333 vs_mae=0.15183 rho_mae=0.06227
[Epoch 012/024] time=463.0s lr=1.00e-04 | train: loss=0.35946, flow=0.29069, rec=0.13694, mae=0.1579, vp=0.2562, vs=0.1529, rho=0.0645 | val: loss=0.33091, flow=0.26543, rec=0.13059, slope=0.00334, curv=0.00136, sample_mae=0.2847, sample_vp=0.4662, sample_vs=0.2736, sample_rho=0.1142
  -> Best model saved to /Users/yuziye/Documents/GitHub/physical-sensitivity-kernels/ckpt/fair_di_weak_full_seed642026/best.pt
[Step 00018800] epoch=013 batch=00044/01563 loss=0.395025 flow=0.312536 rec=0.164335 slope=0.005377 curv=0.005265 mae=0.18041 vp_mae=0.29527 vs_mae=0.17486 rho_mae=0.07110
[Step 00018900] epoch=013 batch=00144/01563 loss=0.329745 flow=0.270218 rec=0.118506 slope=0.004606 curv=0.004322 mae=0.14370 vp_mae=0.23061 vs_mae=0.13914 rho_mae=0.06136
[Step 00019000] epoch=013 batch=00244/01563 loss=0.340870 flow=0.284295 rec=0.112647 slope=0.004221 curv=0.004003 mae=0.14184 vp_mae=0.22789 vs_mae=0.14046 rho_mae=0.05718
[Step 00019100] epoch=013 batch=00344/01563 loss=0.367404 flow=0.286086 rec=0.161997 slope=0.005410 curv=0.004853 mae=0.17793 vp_mae=0.28622 vs_mae=0.17379 rho_mae=0.07379
[Step 00019200] epoch=013 batch=00444/01563 loss=0.360456 flow=0.280752 rec=0.158768 slope=0.005315 curv=0.005373 mae=0.17164 vp_mae=0.28078 vs_mae=0.16571 rho_mae=0.06843
[Step 00019300] epoch=013 batch=00544/01563 loss=0.395337 flow=0.316847 rec=0.156337 slope=0.005493 curv=0.004644 mae=0.17217 vp_mae=0.27986 vs_mae=0.16607 rho_mae=0.07058
[Step 00019400] epoch=013 batch=00644/01563 loss=0.351244 flow=0.292346 rec=0.117286 slope=0.004287 curv=0.004023 mae=0.14115 vp_mae=0.22809 vs_mae=0.13645 rho_mae=0.05890
[Step 00019500] epoch=013 batch=00744/01563 loss=0.303973 flow=0.247002 rec=0.113434 slope=0.004247 curv=0.004151 mae=0.14053 vp_mae=0.22670 vs_mae=0.13715 rho_mae=0.05775
[Step 00019600] epoch=013 batch=00844/01563 loss=0.377247 flow=0.307473 rec=0.138946 slope=0.005147 curv=0.004337 mae=0.16070 vp_mae=0.26252 vs_mae=0.15262 rho_mae=0.06695
[Step 00019700] epoch=013 batch=00944/01563 loss=0.350432 flow=0.273397 rec=0.153445 slope=0.005336 curv=0.004559 mae=0.17054 vp_mae=0.27701 vs_mae=0.16421 rho_mae=0.07038
[Step 00019800] epoch=013 batch=01044/01563 loss=0.406204 flow=0.312889 rec=0.185974 slope=0.005623 curv=0.004619 mae=0.19155 vp_mae=0.31299 vs_mae=0.18591 rho_mae=0.07576
[Step 00019900] epoch=013 batch=01144/01563 loss=0.330303 flow=0.254980 rec=0.150005 slope=0.005442 curv=0.004788 mae=0.16995 vp_mae=0.27484 vs_mae=0.16632 rho_mae=0.06870
[Step 00020000] epoch=013 batch=01244/01563 loss=0.338394 flow=0.266792 rec=0.142611 slope=0.004965 curv=0.004780 mae=0.16287 vp_mae=0.26603 vs_mae=0.15699 rho_mae=0.06557
[Step 00020100] epoch=013 batch=01344/01563 loss=0.319453 flow=0.264333 rec=0.109742 slope=0.004233 curv=0.003764 mae=0.13808 vp_mae=0.22406 vs_mae=0.13541 rho_mae=0.05479
[Step 00020200] epoch=013 batch=01444/01563 loss=0.338105 flow=0.272871 rec=0.129898 slope=0.004844 curv=0.004320 mae=0.15533 vp_mae=0.25334 vs_mae=0.14965 rho_mae=0.06300
[Step 00020300] epoch=013 batch=01544/01563 loss=0.353969 flow=0.289978 rec=0.127421 slope=0.004759 curv=0.004261 mae=0.15003 vp_mae=0.24206 vs_mae=0.14515 rho_mae=0.06288
[Epoch 013/024] time=461.1s lr=8.75e-05 | train: loss=0.35602, flow=0.28774, rec=0.13597, mae=0.1572, vp=0.2551, vs=0.1524, rho=0.0642 | val: loss=0.32090, flow=0.25682, rec=0.12779, slope=0.00330, curv=0.00130, sample_mae=0.2819, sample_vp=0.4623, sample_vs=0.2704, sample_rho=0.1130
  -> Best model saved to /Users/yuziye/Documents/GitHub/physical-sensitivity-kernels/ckpt/fair_di_weak_full_seed642026/best.pt
[Step 00020400] epoch=014 batch=00081/01563 loss=0.337999 flow=0.273137 rec=0.129106 slope=0.005235 curv=0.004668 mae=0.15356 vp_mae=0.24840 vs_mae=0.14941 rho_mae=0.06288
[Step 00020500] epoch=014 batch=00181/01563 loss=0.365841 flow=0.292673 rec=0.145789 slope=0.004623 curv=0.004181 mae=0.16324 vp_mae=0.26394 vs_mae=0.15684 rho_mae=0.06895
[Step 00020600] epoch=014 batch=00281/01563 loss=0.359479 flow=0.296108 rec=0.126142 slope=0.005105 curv=0.004375 mae=0.14803 vp_mae=0.24079 vs_mae=0.14404 rho_mae=0.05927
[Step 00020700] epoch=014 batch=00381/01563 loss=0.373461 flow=0.295646 rec=0.154875 slope=0.006336 curv=0.006032 mae=0.17326 vp_mae=0.27906 vs_mae=0.16947 rho_mae=0.07126
[Step 00020800] epoch=014 batch=00481/01563 loss=0.323075 flow=0.268012 rec=0.109554 slope=0.004823 curv=0.004487 mae=0.13977 vp_mae=0.22656 vs_mae=0.13467 rho_mae=0.05808
[Step 00020900] epoch=014 batch=00581/01563 loss=0.329424 flow=0.267286 rec=0.123694 slope=0.004959 curv=0.004298 mae=0.15049 vp_mae=0.24241 vs_mae=0.14782 rho_mae=0.06123
[Step 00021000] epoch=014 batch=00681/01563 loss=0.322929 flow=0.269497 rec=0.106344 slope=0.004433 curv=0.003859 mae=0.13531 vp_mae=0.21913 vs_mae=0.13137 rho_mae=0.05542
[Step 00021100] epoch=014 batch=00781/01563 loss=0.338371 flow=0.269908 rec=0.136347 slope=0.004951 curv=0.004212 mae=0.16182 vp_mae=0.26470 vs_mae=0.15675 rho_mae=0.06401
[Step 00021200] epoch=014 batch=00881/01563 loss=0.351836 flow=0.291260 rec=0.120654 slope=0.004187 curv=0.003873 mae=0.14238 vp_mae=0.23259 vs_mae=0.13571 rho_mae=0.05885
[Step 00021300] epoch=014 batch=00981/01563 loss=0.394223 flow=0.313458 rec=0.160908 slope=0.005320 curv=0.004471 mae=0.17215 vp_mae=0.27872 vs_mae=0.16931 rho_mae=0.06841
[Step 00021400] epoch=014 batch=01081/01563 loss=0.346597 flow=0.292219 rec=0.108315 slope=0.003753 curv=0.003379 mae=0.13534 vp_mae=0.21968 vs_mae=0.13174 rho_mae=0.05461
[Step 00021500] epoch=014 batch=01181/01563 loss=0.368187 flow=0.294401 rec=0.146947 slope=0.005307 curv=0.004673 mae=0.16659 vp_mae=0.27062 vs_mae=0.16170 rho_mae=0.06745
[Step 00021600] epoch=014 batch=01281/01563 loss=0.366459 flow=0.294822 rec=0.142688 slope=0.004980 curv=0.004367 mae=0.16193 vp_mae=0.26401 vs_mae=0.15573 rho_mae=0.06605
[Step 00021700] epoch=014 batch=01381/01563 loss=0.336947 flow=0.270497 rec=0.132369 slope=0.004448 curv=0.004302 mae=0.15512 vp_mae=0.25372 vs_mae=0.14818 rho_mae=0.06347
[Step 00021800] epoch=014 batch=01481/01563 loss=0.386921 flow=0.304568 rec=0.164080 slope=0.005351 curv=0.004567 mae=0.17729 vp_mae=0.28834 vs_mae=0.17154 rho_mae=0.07199
[Epoch 014/024] time=463.8s lr=7.47e-05 | train: loss=0.35176, flow=0.28497, rec=0.13301, mae=0.1551, vp=0.2515, vs=0.1504, rho=0.0633 | val: loss=0.31713, flow=0.25286, rec=0.12816, slope=0.00339, curv=0.00136, sample_mae=0.2727, sample_vp=0.4469, sample_vs=0.2626, sample_rho=0.1087
  -> Best model saved to /Users/yuziye/Documents/GitHub/physical-sensitivity-kernels/ckpt/fair_di_weak_full_seed642026/best.pt
[Step 00021900] epoch=015 batch=00018/01563 loss=0.336355 flow=0.274089 rec=0.123965 slope=0.004863 curv=0.004072 mae=0.15243 vp_mae=0.24856 vs_mae=0.14890 rho_mae=0.05983
[Step 00022000] epoch=015 batch=00118/01563 loss=0.370913 flow=0.295072 rec=0.151031 slope=0.005544 curv=0.004871 mae=0.17124 vp_mae=0.28098 vs_mae=0.16580 rho_mae=0.06694
[Step 00022100] epoch=015 batch=00218/01563 loss=0.342210 flow=0.267033 rec=0.149750 slope=0.005130 curv=0.004566 mae=0.16694 vp_mae=0.27149 vs_mae=0.16298 rho_mae=0.06634
[Step 00022200] epoch=015 batch=00318/01563 loss=0.341186 flow=0.281552 rec=0.118710 slope=0.004681 curv=0.004432 mae=0.14629 vp_mae=0.23740 vs_mae=0.14158 rho_mae=0.05989
[Step 00022300] epoch=015 batch=00418/01563 loss=0.386544 flow=0.322262 rec=0.127962 slope=0.005092 curv=0.004538 mae=0.15388 vp_mae=0.25231 vs_mae=0.14759 rho_mae=0.06175
[Step 00022400] epoch=015 batch=00518/01563 loss=0.366245 flow=0.288536 rec=0.154823 slope=0.005060 curv=0.004446 mae=0.16697 vp_mae=0.26903 vs_mae=0.16057 rho_mae=0.07131
[Step 00022500] epoch=015 batch=00618/01563 loss=0.355812 flow=0.297591 rec=0.116011 slope=0.003676 curv=0.003225 mae=0.14048 vp_mae=0.22825 vs_mae=0.13668 rho_mae=0.05652
[Step 00022600] epoch=015 batch=00718/01563 loss=0.333503 flow=0.266355 rec=0.133670 slope=0.005263 curv=0.005022 mae=0.15775 vp_mae=0.25774 vs_mae=0.15288 rho_mae=0.06262
[Step 00022700] epoch=015 batch=00818/01563 loss=0.345861 flow=0.289573 rec=0.112062 slope=0.004366 curv=0.003785 mae=0.14191 vp_mae=0.22788 vs_mae=0.13926 rho_mae=0.05858
[Step 00022800] epoch=015 batch=00918/01563 loss=0.316923 flow=0.258090 rec=0.117141 slope=0.004473 curv=0.003927 mae=0.14640 vp_mae=0.23838 vs_mae=0.14223 rho_mae=0.05858
[Step 00022900] epoch=015 batch=01018/01563 loss=0.346602 flow=0.286229 rec=0.120207 slope=0.004574 curv=0.003984 mae=0.14270 vp_mae=0.22882 vs_mae=0.13899 rho_mae=0.06029
[Step 00023000] epoch=015 batch=01118/01563 loss=0.342800 flow=0.284563 rec=0.115945 slope=0.004509 curv=0.003900 mae=0.14263 vp_mae=0.23356 vs_mae=0.13605 rho_mae=0.05827
[Step 00023100] epoch=015 batch=01218/01563 loss=0.298073 flow=0.255850 rec=0.083967 slope=0.004079 curv=0.003528 mae=0.12057 vp_mae=0.19540 vs_mae=0.11785 rho_mae=0.04847
[Step 00023200] epoch=015 batch=01318/01563 loss=0.334347 flow=0.273358 rec=0.121466 slope=0.004384 curv=0.003665 mae=0.14399 vp_mae=0.23106 vs_mae=0.13988 rho_mae=0.06103
[Step 00023300] epoch=015 batch=01418/01563 loss=0.351334 flow=0.287822 rec=0.126461 slope=0.004765 curv=0.004413 mae=0.15093 vp_mae=0.24544 vs_mae=0.14383 rho_mae=0.06353
[Step 00023400] epoch=015 batch=01518/01563 loss=0.350455 flow=0.285598 rec=0.129141 slope=0.004781 curv=0.004664 mae=0.15417 vp_mae=0.25055 vs_mae=0.14962 rho_mae=0.06234
[Epoch 015/024] time=467.2s lr=6.24e-05 | train: loss=0.34777, flow=0.28184, rec=0.13129, mae=0.1538, vp=0.2493, vs=0.1492, rho=0.0628 | val: loss=0.31267, flow=0.25082, rec=0.12334, slope=0.00325, curv=0.00121, sample_mae=0.2771, sample_vp=0.4533, sample_vs=0.2669, sample_rho=0.1111
  -> Best model saved to /Users/yuziye/Documents/GitHub/physical-sensitivity-kernels/ckpt/fair_di_weak_full_seed642026/best.pt
[Step 00023500] epoch=016 batch=00055/01563 loss=0.312402 flow=0.259729 rec=0.104784 slope=0.004731 curv=0.004429 mae=0.13553 vp_mae=0.22036 vs_mae=0.13239 rho_mae=0.05384
[Step 00023600] epoch=016 batch=00155/01563 loss=0.328048 flow=0.269805 rec=0.115908 slope=0.004898 curv=0.004349 mae=0.14255 vp_mae=0.23068 vs_mae=0.13725 rho_mae=0.05972
[Step 00023700] epoch=016 batch=00255/01563 loss=0.323957 flow=0.266945 rec=0.113441 slope=0.004914 curv=0.004605 mae=0.14183 vp_mae=0.22763 vs_mae=0.13861 rho_mae=0.05923
[Step 00023800] epoch=016 batch=00355/01563 loss=0.297230 flow=0.245291 rec=0.103364 slope=0.004274 curv=0.004339 mae=0.13514 vp_mae=0.21917 vs_mae=0.12978 rho_mae=0.05646
[Step 00023900] epoch=016 batch=00455/01563 loss=0.353030 flow=0.281620 rec=0.142287 slope=0.004526 curv=0.004040 mae=0.15713 vp_mae=0.25283 vs_mae=0.15276 rho_mae=0.06580
[Step 00024000] epoch=016 batch=00555/01563 loss=0.364666 flow=0.282849 rec=0.163008 slope=0.005328 curv=0.004714 mae=0.17551 vp_mae=0.28790 vs_mae=0.16868 rho_mae=0.06996
[Step 00024100] epoch=016 batch=00655/01563 loss=0.341911 flow=0.266506 rec=0.150209 slope=0.005090 curv=0.004638 mae=0.17125 vp_mae=0.27921 vs_mae=0.16781 rho_mae=0.06674
[Step 00024200] epoch=016 batch=00755/01563 loss=0.302797 flow=0.247561 rec=0.109958 slope=0.004319 curv=0.004144 mae=0.13655 vp_mae=0.21936 vs_mae=0.13416 rho_mae=0.05614
[Step 00024300] epoch=016 batch=00855/01563 loss=0.356838 flow=0.289978 rec=0.133082 slope=0.005441 curv=0.004702 mae=0.15301 vp_mae=0.24648 vs_mae=0.14793 rho_mae=0.06462
[Step 00024400] epoch=016 batch=00955/01563 loss=0.356067 flow=0.287774 rec=0.136008 slope=0.004894 curv=0.004405 mae=0.15679 vp_mae=0.25524 vs_mae=0.15179 rho_mae=0.06335
[Step 00024500] epoch=016 batch=01055/01563 loss=0.349791 flow=0.286444 rec=0.126113 slope=0.004901 curv=0.004524 mae=0.14846 vp_mae=0.24102 vs_mae=0.14404 rho_mae=0.06031
[Step 00024600] epoch=016 batch=01155/01563 loss=0.352838 flow=0.284307 rec=0.136513 slope=0.004657 curv=0.004244 mae=0.15837 vp_mae=0.25912 vs_mae=0.15207 rho_mae=0.06392
[Step 00024700] epoch=016 batch=01255/01563 loss=0.361867 flow=0.294226 rec=0.134738 slope=0.004610 curv=0.004196 mae=0.15745 vp_mae=0.25950 vs_mae=0.15089 rho_mae=0.06197
[Step 00024800] epoch=016 batch=01355/01563 loss=0.338318 flow=0.270573 rec=0.134915 slope=0.004831 curv=0.004660 mae=0.15753 vp_mae=0.25684 vs_mae=0.15130 rho_mae=0.06444
[Step 00024900] epoch=016 batch=01455/01563 loss=0.351031 flow=0.288650 rec=0.124254 slope=0.004303 curv=0.003837 mae=0.14343 vp_mae=0.22913 vs_mae=0.13930 rho_mae=0.06187
[Step 00025000] epoch=016 batch=01555/01563 loss=0.354657 flow=0.285508 rec=0.137701 slope=0.005128 curv=0.004238 mae=0.15541 vp_mae=0.25281 vs_mae=0.14834 rho_mae=0.06509
[Epoch 016/024] time=467.8s lr=5.08e-05 | train: loss=0.34374, flow=0.27842, rec=0.13007, mae=0.1528, vp=0.2478, vs=0.1484, rho=0.0624 | val: loss=0.31473, flow=0.25096, rec=0.12719, slope=0.00325, curv=0.00118, sample_mae=0.2763, sample_vp=0.4526, sample_vs=0.2655, sample_rho=0.1108
[Step 00025100] epoch=017 batch=00092/01563 loss=0.351876 flow=0.290882 rec=0.121468 slope=0.004421 curv=0.003905 mae=0.14742 vp_mae=0.24123 vs_mae=0.14305 rho_mae=0.05797
[Step 00025200] epoch=017 batch=00192/01563 loss=0.342814 flow=0.279848 rec=0.125387 slope=0.004624 curv=0.004146 mae=0.15174 vp_mae=0.24628 vs_mae=0.14869 rho_mae=0.06025
[Step 00025300] epoch=017 batch=00292/01563 loss=0.341981 flow=0.273413 rec=0.136538 slope=0.005066 curv=0.004508 mae=0.15636 vp_mae=0.25122 vs_mae=0.15325 rho_mae=0.06460
[Step 00025400] epoch=017 batch=00392/01563 loss=0.366029 flow=0.291861 rec=0.147739 slope=0.005046 curv=0.004587 mae=0.16711 vp_mae=0.27474 vs_mae=0.16230 rho_mae=0.06427
[Step 00025500] epoch=017 batch=00492/01563 loss=0.356518 flow=0.291004 rec=0.130471 slope=0.004708 curv=0.004335 mae=0.15356 vp_mae=0.25348 vs_mae=0.14772 rho_mae=0.05947
[Step 00025600] epoch=017 batch=00592/01563 loss=0.328277 flow=0.259771 rec=0.136423 slope=0.004969 curv=0.004622 mae=0.15964 vp_mae=0.25798 vs_mae=0.15574 rho_mae=0.06521
[Step 00025700] epoch=017 batch=00692/01563 loss=0.333229 flow=0.278014 rec=0.109931 slope=0.004196 curv=0.003928 mae=0.13895 vp_mae=0.22623 vs_mae=0.13509 rho_mae=0.05553
[Step 00025800] epoch=017 batch=00792/01563 loss=0.325576 flow=0.277455 rec=0.095734 slope=0.004293 curv=0.003860 mae=0.12811 vp_mae=0.20671 vs_mae=0.12658 rho_mae=0.05104
[Step 00025900] epoch=017 batch=00892/01563 loss=0.331536 flow=0.278818 rec=0.104900 slope=0.004536 curv=0.004047 mae=0.13782 vp_mae=0.22513 vs_mae=0.13423 rho_mae=0.05409
[Step 00026000] epoch=017 batch=00992/01563 loss=0.305406 flow=0.248069 rec=0.114132 slope=0.004584 curv=0.004136 mae=0.14374 vp_mae=0.23264 vs_mae=0.14076 rho_mae=0.05783
[Step 00026100] epoch=017 batch=01092/01563 loss=0.325494 flow=0.267657 rec=0.115104 slope=0.004777 curv=0.004643 mae=0.14354 vp_mae=0.23053 vs_mae=0.14087 rho_mae=0.05923
[Step 00026200] epoch=017 batch=01192/01563 loss=0.323552 flow=0.257902 rec=0.130688 slope=0.005107 curv=0.005103 mae=0.15466 vp_mae=0.25079 vs_mae=0.14957 rho_mae=0.06362
[Step 00026300] epoch=017 batch=01292/01563 loss=0.328473 flow=0.275341 rec=0.105772 slope=0.004178 curv=0.003623 mae=0.13555 vp_mae=0.22096 vs_mae=0.12996 rho_mae=0.05573
[Step 00026400] epoch=017 batch=01392/01563 loss=0.340299 flow=0.280803 rec=0.118506 slope=0.004182 curv=0.003383 mae=0.13931 vp_mae=0.22358 vs_mae=0.13652 rho_mae=0.05781
[Step 00026500] epoch=017 batch=01492/01563 loss=0.333932 flow=0.272042 rec=0.123208 slope=0.004876 curv=0.004252 mae=0.14999 vp_mae=0.23830 vs_mae=0.14761 rho_mae=0.06407
[Epoch 017/024] time=469.8s lr=3.99e-05 | train: loss=0.34116, flow=0.27612, rec=0.12951, mae=0.1524, vp=0.2470, vs=0.1480, rho=0.0622 | val: loss=0.31157, flow=0.24961, rec=0.12358, slope=0.00320, curv=0.00111, sample_mae=0.2703, sample_vp=0.4426, sample_vs=0.2603, sample_rho=0.1081
  -> Best model saved to /Users/yuziye/Documents/GitHub/physical-sensitivity-kernels/ckpt/fair_di_weak_full_seed642026/best.pt
[Step 00026600] epoch=018 batch=00029/01563 loss=0.362216 flow=0.286264 rec=0.151351 slope=0.004702 curv=0.004160 mae=0.16155 vp_mae=0.26056 vs_mae=0.15545 rho_mae=0.06864
[Step 00026700] epoch=018 batch=00129/01563 loss=0.340603 flow=0.272358 rec=0.135971 slope=0.004409 curv=0.003972 mae=0.15466 vp_mae=0.24956 vs_mae=0.15232 rho_mae=0.06210
[Step 00026800] epoch=018 batch=00229/01563 loss=0.351020 flow=0.285829 rec=0.129783 slope=0.005081 curv=0.004507 mae=0.15447 vp_mae=0.24876 vs_mae=0.15107 rho_mae=0.06357
[Step 00026900] epoch=018 batch=00329/01563 loss=0.323238 flow=0.270863 rec=0.104302 slope=0.003810 curv=0.003309 mae=0.13444 vp_mae=0.21983 vs_mae=0.13075 rho_mae=0.05274
[Step 00027000] epoch=018 batch=00429/01563 loss=0.330972 flow=0.280912 rec=0.099625 slope=0.004119 curv=0.004077 mae=0.13227 vp_mae=0.21562 vs_mae=0.12961 rho_mae=0.05158
[Step 00027100] epoch=018 batch=00529/01563 loss=0.314298 flow=0.251135 rec=0.125759 slope=0.004744 curv=0.004666 mae=0.15229 vp_mae=0.24744 vs_mae=0.14668 rho_mae=0.06274
[Step 00027200] epoch=018 batch=00629/01563 loss=0.334422 flow=0.273609 rec=0.121065 slope=0.004767 curv=0.004212 mae=0.14487 vp_mae=0.23440 vs_mae=0.14029 rho_mae=0.05991
[Step 00027300] epoch=018 batch=00729/01563 loss=0.343915 flow=0.283730 rec=0.119843 slope=0.004458 curv=0.004137 mae=0.14564 vp_mae=0.23668 vs_mae=0.14295 rho_mae=0.05731
[Step 00027400] epoch=018 batch=00829/01563 loss=0.337474 flow=0.267380 rec=0.139537 slope=0.005539 curv=0.004935 mae=0.16173 vp_mae=0.26036 vs_mae=0.15987 rho_mae=0.06496
[Step 00027500] epoch=018 batch=00929/01563 loss=0.339865 flow=0.286754 rec=0.105692 slope=0.004447 curv=0.004286 mae=0.13554 vp_mae=0.22241 vs_mae=0.13132 rho_mae=0.05289
[Step 00027600] epoch=018 batch=01029/01563 loss=0.304466 flow=0.252036 rec=0.104328 slope=0.004521 curv=0.003929 mae=0.13431 vp_mae=0.21624 vs_mae=0.13113 rho_mae=0.05556
[Step 00027700] epoch=018 batch=01129/01563 loss=0.362330 flow=0.278472 rec=0.167101 slope=0.005206 curv=0.004694 mae=0.17501 vp_mae=0.28658 vs_mae=0.16772 rho_mae=0.07073
[Step 00027800] epoch=018 batch=01229/01563 loss=0.347168 flow=0.275668 rec=0.142392 slope=0.005176 curv=0.004517 mae=0.16189 vp_mae=0.26129 vs_mae=0.15866 rho_mae=0.06574
[Step 00027900] epoch=018 batch=01329/01563 loss=0.337686 flow=0.285150 rec=0.104641 slope=0.003672 curv=0.003129 mae=0.13062 vp_mae=0.21343 vs_mae=0.12512 rho_mae=0.05332
[Step 00028000] epoch=018 batch=01429/01563 loss=0.304427 flow=0.241724 rec=0.124835 slope=0.004824 curv=0.004404 mae=0.15048 vp_mae=0.24596 vs_mae=0.14777 rho_mae=0.05770
[Step 00028100] epoch=018 batch=01529/01563 loss=0.359843 flow=0.292574 rec=0.133987 slope=0.004677 curv=0.004249 mae=0.15450 vp_mae=0.25024 vs_mae=0.14759 rho_mae=0.06566
[Epoch 018/024] time=491.3s lr=3.01e-05 | train: loss=0.33791, flow=0.27393, rec=0.12740, mae=0.1508, vp=0.2445, vs=0.1465, rho=0.0616 | val: loss=0.30290, flow=0.24485, rec=0.11577, slope=0.00313, curv=0.00109, sample_mae=0.2639, sample_vp=0.4317, sample_vs=0.2547, sample_rho=0.1054
  -> Best model saved to /Users/yuziye/Documents/GitHub/physical-sensitivity-kernels/ckpt/fair_di_weak_full_seed642026/best.pt
[Step 00028200] epoch=019 batch=00066/01563 loss=0.327712 flow=0.277553 rec=0.099836 slope=0.004047 curv=0.003804 mae=0.12962 vp_mae=0.21120 vs_mae=0.12474 rho_mae=0.05290
[Step 00028300] epoch=019 batch=00166/01563 loss=0.367446 flow=0.285393 rec=0.163462 slope=0.005387 curv=0.005234 mae=0.17491 vp_mae=0.28586 vs_mae=0.16642 rho_mae=0.07244
[Step 00028400] epoch=019 batch=00266/01563 loss=0.359224 flow=0.294675 rec=0.128483 slope=0.005219 curv=0.004575 mae=0.15104 vp_mae=0.24356 vs_mae=0.14826 rho_mae=0.06129
[Step 00028500] epoch=019 batch=00366/01563 loss=0.335642 flow=0.272254 rec=0.126222 slope=0.004704 curv=0.004233 mae=0.14906 vp_mae=0.24168 vs_mae=0.14334 rho_mae=0.06216
[Step 00028600] epoch=019 batch=00466/01563 loss=0.304947 flow=0.241948 rec=0.125364 slope=0.005306 curv=0.005177 mae=0.15397 vp_mae=0.25093 vs_mae=0.14959 rho_mae=0.06140
[Step 00028700] epoch=019 batch=00566/01563 loss=0.326148 flow=0.260816 rec=0.130150 slope=0.004394 curv=0.003775 mae=0.15303 vp_mae=0.24798 vs_mae=0.14897 rho_mae=0.06215
[Step 00028800] epoch=019 batch=00666/01563 loss=0.342188 flow=0.271567 rec=0.140667 slope=0.004879 curv=0.004368 mae=0.16389 vp_mae=0.26837 vs_mae=0.16026 rho_mae=0.06305
[Step 00028900] epoch=019 batch=00766/01563 loss=0.326733 flow=0.263835 rec=0.125207 slope=0.005033 curv=0.004344 mae=0.15215 vp_mae=0.24841 vs_mae=0.14873 rho_mae=0.05930
[Step 00029000] epoch=019 batch=00866/01563 loss=0.310395 flow=0.251035 rec=0.118200 slope=0.004378 curv=0.004066 mae=0.14723 vp_mae=0.24130 vs_mae=0.14213 rho_mae=0.05827
[Step 00029100] epoch=019 batch=00966/01563 loss=0.354142 flow=0.289469 rec=0.128745 slope=0.005177 curv=0.004090 mae=0.15195 vp_mae=0.24459 vs_mae=0.15053 rho_mae=0.06073
[Step 00029200] epoch=019 batch=01066/01563 loss=0.336596 flow=0.276718 rec=0.119257 slope=0.004238 curv=0.003723 mae=0.14492 vp_mae=0.23454 vs_mae=0.14085 rho_mae=0.05936
[Step 00029300] epoch=019 batch=01166/01563 loss=0.302373 flow=0.246548 rec=0.111101 slope=0.004690 curv=0.004018 mae=0.13819 vp_mae=0.22505 vs_mae=0.13398 rho_mae=0.05554
[Step 00029400] epoch=019 batch=01266/01563 loss=0.388167 flow=0.316439 rec=0.142871 slope=0.005045 curv=0.004039 mae=0.15906 vp_mae=0.25551 vs_mae=0.15616 rho_mae=0.06550
[Step 00029500] epoch=019 batch=01366/01563 loss=0.324944 flow=0.271468 rec=0.106430 slope=0.004430 curv=0.003939 mae=0.13435 vp_mae=0.21460 vs_mae=0.13353 rho_mae=0.05493
[Step 00029600] epoch=019 batch=01466/01563 loss=0.328665 flow=0.274792 rec=0.107244 slope=0.004320 curv=0.003517 mae=0.13620 vp_mae=0.22073 vs_mae=0.13239 rho_mae=0.05549
[Epoch 019/024] time=490.5s lr=2.16e-05 | train: loss=0.33464, flow=0.27127, rec=0.12618, mae=0.1499, vp=0.2429, vs=0.1456, rho=0.0613 | val: loss=0.30068, flow=0.24246, rec=0.11611, slope=0.00308, curv=0.00106, sample_mae=0.2650, sample_vp=0.4340, sample_vs=0.2554, sample_rho=0.1057
  -> Best model saved to /Users/yuziye/Documents/GitHub/physical-sensitivity-kernels/ckpt/fair_di_weak_full_seed642026/best.pt
[Step 00029700] epoch=020 batch=00003/01563 loss=0.296090 flow=0.234535 rec=0.122555 slope=0.004703 curv=0.004213 mae=0.14834 vp_mae=0.23904 vs_mae=0.14483 rho_mae=0.06116
[Step 00029800] epoch=020 batch=00103/01563 loss=0.333266 flow=0.275153 rec=0.115629 slope=0.005059 curv=0.004600 mae=0.14054 vp_mae=0.22516 vs_mae=0.13709 rho_mae=0.05938
[Step 00029900] epoch=020 batch=00203/01563 loss=0.294278 flow=0.248141 rec=0.091831 slope=0.003733 curv=0.003408 mae=0.12254 vp_mae=0.19813 vs_mae=0.12015 rho_mae=0.04933
[Step 00030000] epoch=020 batch=00303/01563 loss=0.338960 flow=0.275110 rec=0.127175 slope=0.004470 curv=0.003873 mae=0.14735 vp_mae=0.23840 vs_mae=0.14204 rho_mae=0.06161
[Step 00030100] epoch=020 batch=00403/01563 loss=0.304444 flow=0.256062 rec=0.096231 slope=0.004514 curv=0.004011 mae=0.12756 vp_mae=0.20625 vs_mae=0.12504 rho_mae=0.05140
[Step 00030200] epoch=020 batch=00503/01563 loss=0.304879 flow=0.250156 rec=0.108892 slope=0.004672 curv=0.004369 mae=0.14054 vp_mae=0.22811 vs_mae=0.13648 rho_mae=0.05703
[Step 00030300] epoch=020 batch=00603/01563 loss=0.299242 flow=0.246710 rec=0.104528 slope=0.004500 curv=0.004293 mae=0.13424 vp_mae=0.21649 vs_mae=0.13203 rho_mae=0.05420
[Step 00030400] epoch=020 batch=00703/01563 loss=0.326482 flow=0.271980 rec=0.108491 slope=0.004353 curv=0.003927 mae=0.14075 vp_mae=0.22945 vs_mae=0.13831 rho_mae=0.05449
[Step 00030500] epoch=020 batch=00803/01563 loss=0.382226 flow=0.305389 rec=0.153052 slope=0.005293 curv=0.004723 mae=0.16666 vp_mae=0.26825 vs_mae=0.16328 rho_mae=0.06844
[Step 00030600] epoch=020 batch=00903/01563 loss=0.370357 flow=0.297836 rec=0.144460 slope=0.004955 curv=0.004365 mae=0.16192 vp_mae=0.26354 vs_mae=0.15936 rho_mae=0.06286
[Step 00030700] epoch=020 batch=01003/01563 loss=0.342670 flow=0.278769 rec=0.127225 slope=0.004874 curv=0.004466 mae=0.15339 vp_mae=0.24889 vs_mae=0.14795 rho_mae=0.06333
[Step 00030800] epoch=020 batch=01103/01563 loss=0.340864 flow=0.278975 rec=0.123253 slope=0.004471 curv=0.003877 mae=0.14893 vp_mae=0.24308 vs_mae=0.14368 rho_mae=0.06002
[Step 00030900] epoch=020 batch=01203/01563 loss=0.345515 flow=0.288991 rec=0.112529 slope=0.004420 curv=0.003868 mae=0.13858 vp_mae=0.22395 vs_mae=0.13570 rho_mae=0.05608
[Step 00031000] epoch=020 batch=01303/01563 loss=0.342808 flow=0.266612 rec=0.151798 slope=0.005047 curv=0.004435 mae=0.16886 vp_mae=0.27616 vs_mae=0.16364 rho_mae=0.06678
[Step 00031100] epoch=020 batch=01403/01563 loss=0.316823 flow=0.258065 rec=0.117055 slope=0.003872 curv=0.003732 mae=0.14389 vp_mae=0.23524 vs_mae=0.13941 rho_mae=0.05702
[Step 00031200] epoch=020 batch=01503/01563 loss=0.326708 flow=0.268830 rec=0.115209 slope=0.004715 curv=0.003747 mae=0.14340 vp_mae=0.23206 vs_mae=0.14077 rho_mae=0.05737
[Epoch 020/024] time=495.4s lr=1.43e-05 | train: loss=0.33238, flow=0.26959, rec=0.12502, mae=0.1491, vp=0.2415, vs=0.1450, rho=0.0608 | val: loss=0.29176, flow=0.23565, rec=0.11188, slope=0.00306, curv=0.00103, sample_mae=0.2617, sample_vp=0.4278, sample_vs=0.2525, sample_rho=0.1047
  -> Best model saved to /Users/yuziye/Documents/GitHub/physical-sensitivity-kernels/ckpt/fair_di_weak_full_seed642026/best.pt
[Step 00031300] epoch=021 batch=00040/01563 loss=0.312707 flow=0.248779 rec=0.127329 slope=0.004466 curv=0.003962 mae=0.14900 vp_mae=0.24162 vs_mae=0.14336 rho_mae=0.06203
[Step 00031400] epoch=021 batch=00140/01563 loss=0.335255 flow=0.276740 rec=0.116417 slope=0.005208 curv=0.004630 mae=0.14185 vp_mae=0.23125 vs_mae=0.13671 rho_mae=0.05761
[Step 00031500] epoch=021 batch=00240/01563 loss=0.315656 flow=0.257957 rec=0.114816 slope=0.005010 curv=0.004002 mae=0.14108 vp_mae=0.22769 vs_mae=0.13703 rho_mae=0.05851
[Step 00031600] epoch=021 batch=00340/01563 loss=0.335084 flow=0.273515 rec=0.122658 slope=0.004110 curv=0.003472 mae=0.14599 vp_mae=0.23820 vs_mae=0.14045 rho_mae=0.05932
[Step 00031700] epoch=021 batch=00440/01563 loss=0.342893 flow=0.277290 rec=0.130662 slope=0.004634 curv=0.004010 mae=0.15614 vp_mae=0.25450 vs_mae=0.15268 rho_mae=0.06122
[Step 00031800] epoch=021 batch=00540/01563 loss=0.329977 flow=0.265088 rec=0.129231 slope=0.004638 curv=0.004199 mae=0.15734 vp_mae=0.25780 vs_mae=0.15236 rho_mae=0.06185
[Step 00031900] epoch=021 batch=00640/01563 loss=0.327863 flow=0.269958 rec=0.115259 slope=0.004599 curv=0.004488 mae=0.14162 vp_mae=0.22982 vs_mae=0.13623 rho_mae=0.05881
[Step 00032000] epoch=021 batch=00740/01563 loss=0.314155 flow=0.262521 rec=0.102784 slope=0.004100 curv=0.003688 mae=0.13254 vp_mae=0.21356 vs_mae=0.12935 rho_mae=0.05473
[Step 00032100] epoch=021 batch=00840/01563 loss=0.314401 flow=0.259863 rec=0.108566 slope=0.004341 curv=0.003805 mae=0.13684 vp_mae=0.22240 vs_mae=0.13336 rho_mae=0.05476
[Step 00032200] epoch=021 batch=00940/01563 loss=0.319783 flow=0.263987 rec=0.111030 slope=0.004814 curv=0.004054 mae=0.13975 vp_mae=0.22584 vs_mae=0.13564 rho_mae=0.05777
[Step 00032300] epoch=021 batch=01040/01563 loss=0.308265 flow=0.251952 rec=0.112091 slope=0.004503 curv=0.004198 mae=0.13977 vp_mae=0.22691 vs_mae=0.13441 rho_mae=0.05799
[Step 00032400] epoch=021 batch=01140/01563 loss=0.307326 flow=0.252329 rec=0.109498 slope=0.004181 curv=0.003882 mae=0.13606 vp_mae=0.22177 vs_mae=0.13209 rho_mae=0.05432
[Step 00032500] epoch=021 batch=01240/01563 loss=0.297774 flow=0.249672 rec=0.095691 slope=0.004273 curv=0.004346 mae=0.12581 vp_mae=0.20382 vs_mae=0.12158 rho_mae=0.05203
[Step 00032600] epoch=021 batch=01340/01563 loss=0.324121 flow=0.268777 rec=0.110198 slope=0.004140 curv=0.003786 mae=0.14013 vp_mae=0.22844 vs_mae=0.13703 rho_mae=0.05492
[Step 00032700] epoch=021 batch=01440/01563 loss=0.344168 flow=0.282622 rec=0.122520 slope=0.004838 curv=0.004428 mae=0.15048 vp_mae=0.24197 vs_mae=0.14835 rho_mae=0.06111
[Step 00032800] epoch=021 batch=01540/01563 loss=0.338046 flow=0.277536 rec=0.120439 slope=0.004903 curv=0.004481 mae=0.14661 vp_mae=0.23567 vs_mae=0.14201 rho_mae=0.06216
[Epoch 021/024] time=496.9s lr=8.57e-06 | train: loss=0.33072, flow=0.26837, rec=0.12414, mae=0.1484, vp=0.2403, vs=0.1443, rho=0.0606 | val: loss=0.29555, flow=0.23782, rec=0.11512, slope=0.00313, curv=0.00105, sample_mae=0.2587, sample_vp=0.4233, sample_vs=0.2497, sample_rho=0.1032
[Step 00032900] epoch=022 batch=00077/01563 loss=0.300153 flow=0.252766 rec=0.094273 slope=0.004195 curv=0.004013 mae=0.12649 vp_mae=0.20358 vs_mae=0.12380 rho_mae=0.05207
[Step 00033000] epoch=022 batch=00177/01563 loss=0.333540 flow=0.267965 rec=0.130577 slope=0.004904 curv=0.004166 mae=0.15231 vp_mae=0.24679 vs_mae=0.15127 rho_mae=0.05887
[Step 00033100] epoch=022 batch=00277/01563 loss=0.329388 flow=0.275685 rec=0.106883 slope=0.004466 curv=0.003807 mae=0.13436 vp_mae=0.21459 vs_mae=0.13053 rho_mae=0.05795
[Step 00033200] epoch=022 batch=00377/01563 loss=0.361395 flow=0.298623 rec=0.124995 slope=0.004736 curv=0.003770 mae=0.14739 vp_mae=0.23499 vs_mae=0.14598 rho_mae=0.06120
[Step 00033300] epoch=022 batch=00477/01563 loss=0.308080 flow=0.247481 rec=0.120615 slope=0.004959 curv=0.004311 mae=0.14613 vp_mae=0.23624 vs_mae=0.14123 rho_mae=0.06093
[Step 00033400] epoch=022 batch=00577/01563 loss=0.324135 flow=0.269871 rec=0.107919 slope=0.005118 curv=0.004778 mae=0.13607 vp_mae=0.21875 vs_mae=0.13141 rho_mae=0.05805
[Step 00033500] epoch=022 batch=00677/01563 loss=0.307374 flow=0.249049 rec=0.116047 slope=0.005108 curv=0.004562 mae=0.14047 vp_mae=0.22406 vs_mae=0.13743 rho_mae=0.05991
[Step 00033600] epoch=022 batch=00777/01563 loss=0.306038 flow=0.248204 rec=0.115134 slope=0.004448 curv=0.004448 mae=0.14141 vp_mae=0.22781 vs_mae=0.13996 rho_mae=0.05646
[Step 00033700] epoch=022 batch=00877/01563 loss=0.340407 flow=0.273077 rec=0.134114 slope=0.004718 curv=0.003771 mae=0.15365 vp_mae=0.24821 vs_mae=0.15199 rho_mae=0.06076
[Step 00033800] epoch=022 batch=00977/01563 loss=0.370183 flow=0.299821 rec=0.140224 slope=0.004344 curv=0.003363 mae=0.15524 vp_mae=0.24919 vs_mae=0.15056 rho_mae=0.06598
[Step 00033900] epoch=022 batch=01077/01563 loss=0.326024 flow=0.269693 rec=0.112078 slope=0.004997 curv=0.004183 mae=0.14244 vp_mae=0.23055 vs_mae=0.13942 rho_mae=0.05735
[Step 00034000] epoch=022 batch=01177/01563 loss=0.329698 flow=0.262503 rec=0.133823 slope=0.004798 curv=0.004367 mae=0.15796 vp_mae=0.25847 vs_mae=0.15241 rho_mae=0.06299
[Step 00034100] epoch=022 batch=01277/01563 loss=0.289762 flow=0.238554 rec=0.101948 slope=0.003957 curv=0.003604 mae=0.13264 vp_mae=0.21552 vs_mae=0.12910 rho_mae=0.05330
[Step 00034200] epoch=022 batch=01377/01563 loss=0.315350 flow=0.261840 rec=0.106521 slope=0.004272 curv=0.003594 mae=0.13534 vp_mae=0.21815 vs_mae=0.13240 rho_mae=0.05546
[Step 00034300] epoch=022 batch=01477/01563 loss=0.347435 flow=0.272099 rec=0.150114 slope=0.004739 curv=0.004204 mae=0.16298 vp_mae=0.26727 vs_mae=0.15621 rho_mae=0.06545
[Epoch 022/024] time=494.6s lr=4.39e-06 | train: loss=0.32923, flow=0.26695, rec=0.12401, mae=0.1483, vp=0.2401, vs=0.1441, rho=0.0605 | val: loss=0.29178, flow=0.23665, rec=0.10994, slope=0.00309, curv=0.00100, sample_mae=0.2556, sample_vp=0.4181, sample_vs=0.2469, sample_rho=0.1018
[Step 00034400] epoch=023 batch=00014/01563 loss=0.355452 flow=0.291890 rec=0.126601 slope=0.004466 curv=0.003826 mae=0.15081 vp_mae=0.24504 vs_mae=0.14573 rho_mae=0.06167
[Step 00034500] epoch=023 batch=00114/01563 loss=0.330900 flow=0.264417 rec=0.132377 slope=0.005060 curv=0.004149 mae=0.15649 vp_mae=0.25179 vs_mae=0.15394 rho_mae=0.06374
[Step 00034600] epoch=023 batch=00214/01563 loss=0.317269 flow=0.261302 rec=0.111394 slope=0.004652 curv=0.003787 mae=0.13689 vp_mae=0.21976 vs_mae=0.13466 rho_mae=0.05626
[Step 00034700] epoch=023 batch=00314/01563 loss=0.329486 flow=0.277342 rec=0.103748 slope=0.004606 curv=0.003970 mae=0.13479 vp_mae=0.21559 vs_mae=0.13197 rho_mae=0.05683
[Step 00034800] epoch=023 batch=00414/01563 loss=0.317050 flow=0.262625 rec=0.108374 slope=0.003995 curv=0.003797 mae=0.13568 vp_mae=0.22070 vs_mae=0.13017 rho_mae=0.05616
[Step 00034900] epoch=023 batch=00514/01563 loss=0.339979 flow=0.278484 rec=0.122408 slope=0.004925 curv=0.004426 mae=0.14937 vp_mae=0.23985 vs_mae=0.14767 rho_mae=0.06058
[Step 00035000] epoch=023 batch=00614/01563 loss=0.331312 flow=0.262309 rec=0.137494 slope=0.004368 curv=0.003797 mae=0.15583 vp_mae=0.24941 vs_mae=0.15256 rho_mae=0.06551
[Step 00035100] epoch=023 batch=00714/01563 loss=0.369418 flow=0.302346 rec=0.133601 slope=0.004652 curv=0.003895 mae=0.15053 vp_mae=0.24395 vs_mae=0.14678 rho_mae=0.06086
[Step 00035200] epoch=023 batch=00814/01563 loss=0.339493 flow=0.270017 rec=0.138368 slope=0.004957 curv=0.004466 mae=0.15927 vp_mae=0.25877 vs_mae=0.15263 rho_mae=0.06642
[Step 00035300] epoch=023 batch=00914/01563 loss=0.294299 flow=0.244152 rec=0.099748 slope=0.004613 curv=0.004241 mae=0.13191 vp_mae=0.21224 vs_mae=0.13192 rho_mae=0.05158
[Step 00035400] epoch=023 batch=01014/01563 loss=0.303378 flow=0.247795 rec=0.110645 slope=0.004389 curv=0.004171 mae=0.14090 vp_mae=0.23098 vs_mae=0.13632 rho_mae=0.05539
[Step 00035500] epoch=023 batch=01114/01563 loss=0.335533 flow=0.279860 rec=0.110790 slope=0.004818 curv=0.003740 mae=0.13855 vp_mae=0.22202 vs_mae=0.13577 rho_mae=0.05786
[Step 00035600] epoch=023 batch=01214/01563 loss=0.333770 flow=0.265110 rec=0.136718 slope=0.005108 curv=0.004624 mae=0.15396 vp_mae=0.24769 vs_mae=0.14999 rho_mae=0.06421
[Step 00035700] epoch=023 batch=01314/01563 loss=0.294004 flow=0.236161 rec=0.115178 slope=0.004285 curv=0.003959 mae=0.13980 vp_mae=0.22613 vs_mae=0.13407 rho_mae=0.05921
[Step 00035800] epoch=023 batch=01414/01563 loss=0.328861 flow=0.275496 rec=0.106246 slope=0.004142 curv=0.003405 mae=0.13283 vp_mae=0.21233 vs_mae=0.13058 rho_mae=0.05559
[Step 00035900] epoch=023 batch=01514/01563 loss=0.325112 flow=0.273233 rec=0.103300 slope=0.003921 curv=0.003334 mae=0.13270 vp_mae=0.21228 vs_mae=0.13138 rho_mae=0.05442
[Epoch 023/024] time=492.3s lr=1.85e-06 | train: loss=0.32881, flow=0.26676, rec=0.12355, mae=0.1479, vp=0.2395, vs=0.1439, rho=0.0604 | val: loss=0.30273, flow=0.24280, rec=0.11952, slope=0.00315, curv=0.00103, sample_mae=0.2592, sample_vp=0.4238, sample_vs=0.2502, sample_rho=0.1038
[Step 00036000] epoch=024 batch=00051/01563 loss=0.334815 flow=0.275707 rec=0.117728 slope=0.004092 curv=0.003962 mae=0.14171 vp_mae=0.22722 vs_mae=0.14048 rho_mae=0.05744
[Step 00036100] epoch=024 batch=00151/01563 loss=0.353484 flow=0.289545 rec=0.127238 slope=0.005453 curv=0.004721 mae=0.14906 vp_mae=0.23907 vs_mae=0.14538 rho_mae=0.06273
[Step 00036200] epoch=024 batch=00251/01563 loss=0.351909 flow=0.288816 rec=0.125596 slope=0.004996 curv=0.004475 mae=0.14893 vp_mae=0.24066 vs_mae=0.14462 rho_mae=0.06151
[Step 00036300] epoch=024 batch=00351/01563 loss=0.356726 flow=0.294713 rec=0.123484 slope=0.004583 curv=0.004132 mae=0.14723 vp_mae=0.23573 vs_mae=0.14387 rho_mae=0.06208
[Step 00036400] epoch=024 batch=00451/01563 loss=0.338331 flow=0.271299 rec=0.133482 slope=0.004946 curv=0.004397 mae=0.15441 vp_mae=0.25245 vs_mae=0.15052 rho_mae=0.06025
[Step 00036500] epoch=024 batch=00551/01563 loss=0.329979 flow=0.270083 rec=0.119254 slope=0.004570 curv=0.004126 mae=0.14451 vp_mae=0.23346 vs_mae=0.14022 rho_mae=0.05987
[Step 00036600] epoch=024 batch=00651/01563 loss=0.364850 flow=0.284874 rec=0.159288 slope=0.005647 curv=0.005012 mae=0.17915 vp_mae=0.29501 vs_mae=0.17090 rho_mae=0.07153
[Step 00036700] epoch=024 batch=00751/01563 loss=0.343740 flow=0.279206 rec=0.128461 slope=0.005184 curv=0.004384 mae=0.15315 vp_mae=0.24605 vs_mae=0.15161 rho_mae=0.06179
[Step 00036800] epoch=024 batch=00851/01563 loss=0.377722 flow=0.306360 rec=0.142126 slope=0.005089 curv=0.004444 mae=0.16481 vp_mae=0.26789 vs_mae=0.15922 rho_mae=0.06731
[Step 00036900] epoch=024 batch=00951/01563 loss=0.343395 flow=0.279358 rec=0.127518 slope=0.004742 curv=0.004143 mae=0.14907 vp_mae=0.24512 vs_mae=0.14373 rho_mae=0.05837
[Step 00037000] epoch=024 batch=01051/01563 loss=0.367292 flow=0.285536 rec=0.162883 slope=0.005403 curv=0.004459 mae=0.17657 vp_mae=0.29040 vs_mae=0.16992 rho_mae=0.06938
[Step 00037100] epoch=024 batch=01151/01563 loss=0.320597 flow=0.263012 rec=0.114596 slope=0.004836 curv=0.004525 mae=0.14353 vp_mae=0.23315 vs_mae=0.13903 rho_mae=0.05840
[Step 00037200] epoch=024 batch=01251/01563 loss=0.343286 flow=0.275401 rec=0.135144 slope=0.005266 curv=0.004995 mae=0.15650 vp_mae=0.25391 vs_mae=0.15120 rho_mae=0.06440
[Step 00037300] epoch=024 batch=01351/01563 loss=0.289235 flow=0.243715 rec=0.090567 slope=0.003976 curv=0.003720 mae=0.12578 vp_mae=0.20350 vs_mae=0.12515 rho_mae=0.04870
[Step 00037400] epoch=024 batch=01451/01563 loss=0.326267 flow=0.266731 rec=0.118495 slope=0.004862 curv=0.004513 mae=0.14558 vp_mae=0.23896 vs_mae=0.13817 rho_mae=0.05961
[Step 00037500] epoch=024 batch=01551/01563 loss=0.316623 flow=0.256862 rec=0.119004 slope=0.004393 curv=0.003927 mae=0.14639 vp_mae=0.23713 vs_mae=0.14224 rho_mae=0.05979
[Epoch 024/024] time=490.8s lr=1.00e-06 | train: loss=0.32793, flow=0.26621, rec=0.12288, mae=0.1474, vp=0.2388, vs=0.1433, rho=0.0602 | val: loss=0.29604, flow=0.23787, rec=0.11601, slope=0.00313, curv=0.00103, sample_mae=0.2555, sample_vp=0.4183, sample_vs=0.2467, sample_rho=0.1015
========== Disp2Struct Control-Point CRF v1.3 Training Done ==========
Best score: 0.291757
[done] Fair DI-Weak checkpoint directory: /Users/yuziye/Documents/GitHub/physical-sensitivity-kernels/ckpt/fair_di_weak_full_seed642026
[2026-06-07 00:24:00] END train_fair_weak_full

[2026-06-07 00:24:00] BEGIN eval_fair_di_comparison
Wrote fair DI comparison to results/fair_di_comparison/production
Wrote fair DI figures to figures/fair_di_comparison/production
[2026-06-07 04:21:50] END eval_fair_di_comparison

[2026-06-07 04:21:50] BEGIN eval_fair_calibration
Wrote calibration diagnostics to results/fair_di_comparison/production/calibration
[2026-06-07 04:47:30] END eval_fair_calibration

[2026-06-07 04:47:30] BEGIN eval_fair_noise_sensitivity
Wrote noise sensitivity diagnostics to results/fair_di_comparison/production/noise
[2026-06-07 05:40:12] END eval_fair_noise_sensitivity

[2026-06-07 05:40:12] BEGIN eval_fair_missing_band
Wrote missing-band diagnostics to results/fair_di_comparison/production/missing_band
[2026-06-07 05:47:37] END eval_fair_missing_band

[2026-06-07 05:47:37] BEGIN train_det_strong_full
[Epoch 001/024] train=0.30026 val=0.25417 vs=0.1477
[Epoch 002/024] train=0.24925 val=0.23362 vs=0.1370
[Epoch 003/024] train=0.23628 val=0.22582 vs=0.1348
[Epoch 004/024] train=0.22757 val=0.21755 vs=0.1276
[Epoch 005/024] train=0.22244 val=0.21130 vs=0.1247
[Epoch 006/024] train=0.21740 val=0.21886 vs=0.1284
[Epoch 007/024] train=0.21421 val=0.21126 vs=0.1220
[Epoch 008/024] train=0.21117 val=0.20177 vs=0.1189
[Epoch 009/024] train=0.20641 val=0.19994 vs=0.1188
[Epoch 010/024] train=0.20403 val=0.19070 vs=0.1135
[Epoch 011/024] train=0.20112 val=0.19099 vs=0.1142
[Epoch 012/024] train=0.19840 val=0.19391 vs=0.1134
[Epoch 013/024] train=0.19652 val=0.19065 vs=0.1123
[Epoch 014/024] train=0.19417 val=0.19170 vs=0.1119
[Epoch 015/024] train=0.19188 val=0.18391 vs=0.1081
[Epoch 016/024] train=0.18872 val=0.18680 vs=0.1105
[Epoch 017/024] train=0.18733 val=0.18054 vs=0.1068
[Epoch 018/024] train=0.18480 val=0.18423 vs=0.1081
[Epoch 019/024] train=0.18364 val=0.17639 vs=0.1049
[Epoch 020/024] train=0.18157 val=0.17117 vs=0.1028
[Epoch 021/024] train=0.17940 val=0.17869 vs=0.1047
[Epoch 022/024] train=0.17893 val=0.17554 vs=0.1039
[Epoch 023/024] train=0.17808 val=0.17265 vs=0.1017
[Epoch 024/024] train=0.17728 val=0.17548 vs=0.1022
[done] deterministic DI-strong checkpoint directory: /Users/yuziye/Documents/GitHub/physical-sensitivity-kernels/ckpt/det_di_strong_full_seed642026
[2026-06-07 09:19:36] END train_det_strong_full

[2026-06-07 09:19:36] BEGIN train_det_weak_full
[Epoch 001/024] train=0.36904 val=0.32739 vs=0.2784
[Epoch 002/024] train=0.30955 val=0.30262 vs=0.2648
[Epoch 003/024] train=0.29200 val=0.29020 vs=0.2549
[Epoch 004/024] train=0.28080 val=0.27991 vs=0.2490
[Epoch 005/024] train=0.27370 val=0.28236 vs=0.2529
[Epoch 006/024] train=0.26802 val=0.27164 vs=0.2451
[Epoch 007/024] train=0.26288 val=0.25542 vs=0.2329
[Epoch 008/024] train=0.25776 val=0.25215 vs=0.2320
[Epoch 009/024] train=0.25409 val=0.24964 vs=0.2301
[Epoch 010/024] train=0.25012 val=0.24492 vs=0.2272
[Epoch 011/024] train=0.24569 val=0.25346 vs=0.2325
[Epoch 012/024] train=0.24229 val=0.23799 vs=0.2229
[Epoch 013/024] train=0.23897 val=0.23301 vs=0.2202
[Epoch 014/024] train=0.23506 val=0.22742 vs=0.2164
[Epoch 015/024] train=0.23176 val=0.22823 vs=0.2161
[Epoch 016/024] train=0.22829 val=0.22942 vs=0.2163
[Epoch 017/024] train=0.22612 val=0.22950 vs=0.2164
[Epoch 018/024] train=0.22262 val=0.21846 vs=0.2094
[Epoch 019/024] train=0.22102 val=0.21949 vs=0.2100
[Epoch 020/024] train=0.21702 val=0.21757 vs=0.2094
[Epoch 021/024] train=0.21541 val=0.21796 vs=0.2085
[Epoch 022/024] train=0.21375 val=0.21191 vs=0.2050
[Epoch 023/024] train=0.21244 val=0.21260 vs=0.2054
[Epoch 024/024] train=0.21150 val=0.21781 vs=0.2080
[done] deterministic DI-weak checkpoint directory: /Users/yuziye/Documents/GitHub/physical-sensitivity-kernels/ckpt/det_di_weak_full_seed642026
[2026-06-07 12:30:54] END train_det_weak_full

[2026-06-07 12:30:54] BEGIN eval_fair_baselines
Wrote baseline metrics to results/fair_di_comparison/production/baselines
[2026-06-07 13:01:43] END eval_fair_baselines

[2026-06-07 13:01:43] BEGIN field_masw_posterior_inversion
[done] subarrays=150 device=mps samples=64 steps=24
[done] periods used per subarray: min=39 median=39 max=39
[done] outputs: field_masw_results_fair_weak
[2026-06-07 13:01:48] END field_masw_posterior_inversion

[2026-06-07 13:01:48] BEGIN field_masw_compare_fair
Wrote field comparison outputs to results/fair_di_comparison/production/field
[2026-06-07 13:01:48] END field_masw_compare_fair

[2026-06-07 13:01:48] Fair DI production pipeline completed
